time,source,device_name,fragment.series,value,unit
2022-01-01T07:54:54.280Z,547236062,Päikeseenergia,dal.series,56852.88,kWh
2022-01-02T03:50:12.518Z,547236062,Päikeseenergia,dal.series,56852.89,kWh
2022-01-02T23:00:30.522Z,547236062,Päikeseenergia,dal.series,56852.9,kWh
2022-01-03T19:20:49.163Z,547236062,Päikeseenergia,dal.series,56852.91,kWh
2022-01-04T11:51:04.830Z,547236062,Päikeseenergia,dal.series,56852.92,kWh
2022-01-05T07:36:23.621Z,547236062,Päikeseenergia,dal.series,56852.94,kWh
2022-01-05T07:46:23.742Z,547236062,Päikeseenergia,dal.series,56852.95,kWh
2022-01-05T07:51:23.786Z,547236062,Päikeseenergia,dal.series,56852.97,kWh
2022-01-05T08:11:24.119Z,547236062,Päikeseenergia,dal.series,56852.98,kWh
2022-01-05T08:16:24.204Z,547236062,Päikeseenergia,dal.series,56853,kWh
2022-01-05T08:21:24.262Z,547236062,Päikeseenergia,dal.series,56853.03,kWh
2022-01-05T08:26:24.333Z,547236062,Päikeseenergia,dal.series,56853.06,kWh
2022-01-05T08:31:24.387Z,547236062,Päikeseenergia,dal.series,56853.09,kWh
2022-01-05T08:41:24.546Z,547236062,Päikeseenergia,dal.series,56853.12,kWh
2022-01-05T08:51:24.705Z,547236062,Päikeseenergia,dal.series,56853.13,kWh
2022-01-05T09:01:24.895Z,547236062,Päikeseenergia,dal.series,56853.16,kWh
2022-01-05T09:06:24.972Z,547236062,Päikeseenergia,dal.series,56853.18,kWh
2022-01-05T09:11:25.089Z,547236062,Päikeseenergia,dal.series,56853.2,kWh
2022-01-05T09:16:25.178Z,547236062,Päikeseenergia,dal.series,56853.21,kWh
2022-01-05T09:21:25.262Z,547236062,Päikeseenergia,dal.series,56853.23,kWh
2022-01-05T09:26:25.364Z,547236062,Päikeseenergia,dal.series,56853.26,kWh
2022-01-05T09:31:25.393Z,547236062,Päikeseenergia,dal.series,56853.28,kWh
2022-01-05T09:36:25.481Z,547236062,Päikeseenergia,dal.series,56853.31,kWh
2022-01-05T09:41:25.553Z,547236062,Päikeseenergia,dal.series,56853.34,kWh
2022-01-05T09:46:25.594Z,547236062,Päikeseenergia,dal.series,56853.37,kWh
2022-01-05T09:51:25.697Z,547236062,Päikeseenergia,dal.series,56853.38,kWh
2022-01-05T09:56:25.816Z,547236062,Päikeseenergia,dal.series,56853.4,kWh
2022-01-05T10:01:25.872Z,547236062,Päikeseenergia,dal.series,56853.43,kWh
2022-01-05T10:06:25.943Z,547236062,Päikeseenergia,dal.series,56853.46,kWh
2022-01-05T10:11:26.028Z,547236062,Päikeseenergia,dal.series,56853.5,kWh
2022-01-05T10:16:26.117Z,547236062,Päikeseenergia,dal.series,56853.57,kWh
2022-01-05T10:21:26.173Z,547236062,Päikeseenergia,dal.series,56853.65,kWh
2022-01-05T10:26:26.243Z,547236062,Päikeseenergia,dal.series,56853.75,kWh
2022-01-05T10:31:26.300Z,547236062,Päikeseenergia,dal.series,56853.87,kWh
2022-01-05T10:36:26.417Z,547236062,Päikeseenergia,dal.series,56853.99,kWh
2022-01-05T10:41:26.443Z,547236062,Päikeseenergia,dal.series,56854.14,kWh
2022-01-05T10:46:26.508Z,547236062,Päikeseenergia,dal.series,56854.31,kWh
2022-01-05T10:51:26.621Z,547236062,Päikeseenergia,dal.series,56854.5,kWh
2022-01-05T10:56:26.738Z,547236062,Päikeseenergia,dal.series,56854.75,kWh
2022-01-05T11:01:26.811Z,547236062,Päikeseenergia,dal.series,56854.94,kWh
2022-01-05T11:06:26.946Z,547236062,Päikeseenergia,dal.series,56855.08,kWh
2022-01-05T11:11:27.033Z,547236062,Päikeseenergia,dal.series,56855.2,kWh
2022-01-05T11:16:27.138Z,547236062,Päikeseenergia,dal.series,56855.32,kWh
2022-01-05T11:21:27.240Z,547236062,Päikeseenergia,dal.series,56855.41,kWh
2022-01-05T11:26:27.312Z,547236062,Päikeseenergia,dal.series,56855.48,kWh
2022-01-05T11:31:27.416Z,547236062,Päikeseenergia,dal.series,56855.56,kWh
2022-01-05T11:36:27.488Z,547236062,Päikeseenergia,dal.series,56855.8,kWh
2022-01-05T11:41:27.573Z,547236062,Päikeseenergia,dal.series,56855.97,kWh
2022-01-05T11:46:27.630Z,547236062,Päikeseenergia,dal.series,56856.07,kWh
2022-01-05T11:51:27.721Z,547236062,Päikeseenergia,dal.series,56856.24,kWh
2022-01-05T11:56:27.867Z,547236062,Päikeseenergia,dal.series,56856.36,kWh
2022-01-05T12:01:27.990Z,547236062,Päikeseenergia,dal.series,56856.42,kWh
2022-01-05T12:06:28.043Z,547236062,Päikeseenergia,dal.series,56856.47,kWh
2022-01-05T12:11:28.118Z,547236062,Päikeseenergia,dal.series,56856.51,kWh
2022-01-05T12:16:28.202Z,547236062,Päikeseenergia,dal.series,56856.56,kWh
2022-01-05T12:21:28.276Z,547236062,Päikeseenergia,dal.series,56856.6,kWh
2022-01-05T12:26:28.336Z,547236062,Päikeseenergia,dal.series,56856.64,kWh
2022-01-05T12:31:28.404Z,547236062,Päikeseenergia,dal.series,56856.69,kWh
2022-01-05T12:36:28.507Z,547236062,Päikeseenergia,dal.series,56856.72,kWh
2022-01-05T12:41:28.579Z,547236062,Päikeseenergia,dal.series,56856.75,kWh
2022-01-05T12:46:28.651Z,547236062,Päikeseenergia,dal.series,56856.78,kWh
2022-01-05T12:51:28.739Z,547236062,Päikeseenergia,dal.series,56856.79,kWh
2022-01-05T12:56:28.838Z,547236062,Päikeseenergia,dal.series,56856.82,kWh
2022-01-05T13:01:28.929Z,547236062,Päikeseenergia,dal.series,56856.85,kWh
2022-01-05T13:06:29.000Z,547236062,Päikeseenergia,dal.series,56856.88,kWh
2022-01-05T13:11:29.105Z,547236062,Päikeseenergia,dal.series,56856.89,kWh
2022-01-06T04:36:43.534Z,547236062,Päikeseenergia,dal.series,56856.9,kWh
2022-01-06T23:52:01.386Z,547236062,Päikeseenergia,dal.series,56856.91,kWh
2022-01-07T10:02:10.753Z,547236062,Päikeseenergia,dal.series,56856.92,kWh
2022-01-07T10:12:10.944Z,547236062,Päikeseenergia,dal.series,56856.93,kWh
2022-01-07T10:17:11.032Z,547236062,Päikeseenergia,dal.series,56856.94,kWh
2022-01-07T10:52:11.535Z,547236062,Päikeseenergia,dal.series,56856.95,kWh
2022-01-07T11:02:11.709Z,547236062,Päikeseenergia,dal.series,56856.97,kWh
2022-01-07T11:32:12.188Z,547236062,Päikeseenergia,dal.series,56856.98,kWh
2022-01-07T11:42:12.346Z,547236062,Päikeseenergia,dal.series,56856.99,kWh
2022-01-07T11:47:12.414Z,547236062,Päikeseenergia,dal.series,56857,kWh
2022-01-07T12:22:13.003Z,547236062,Päikeseenergia,dal.series,56857.01,kWh
2022-01-07T12:47:13.344Z,547236062,Päikeseenergia,dal.series,56857.02,kWh
2022-01-08T09:47:33.069Z,547236062,Päikeseenergia,dal.series,56857.03,kWh
2022-01-09T03:32:49.229Z,547236062,Päikeseenergia,dal.series,56857.04,kWh
2022-01-10T03:28:11.073Z,547236062,Päikeseenergia,dal.series,56857.05,kWh
2022-01-11T05:03:34.632Z,547236062,Päikeseenergia,dal.series,56857.06,kWh
2022-01-11T22:29:24.935Z,547236062,Päikeseenergia,dal.series,56857.07,kWh
2022-01-12T18:29:44.167Z,547236062,Päikeseenergia,dal.series,56857.08,kWh
2022-01-13T08:19:57.481Z,547236062,Päikeseenergia,dal.series,56857.09,kWh
2022-01-13T08:24:57.542Z,547236062,Päikeseenergia,dal.series,56857.1,kWh
2022-01-13T08:49:57.928Z,547236062,Päikeseenergia,dal.series,56857.11,kWh
2022-01-13T09:09:58.194Z,547236062,Päikeseenergia,dal.series,56857.14,kWh
2022-01-13T09:19:58.327Z,547236062,Päikeseenergia,dal.series,56857.15,kWh
2022-01-13T09:24:58.412Z,547236062,Päikeseenergia,dal.series,56857.16,kWh
2022-01-13T09:29:58.519Z,547236062,Päikeseenergia,dal.series,56857.17,kWh
2022-01-13T09:39:58.662Z,547236062,Päikeseenergia,dal.series,56857.19,kWh
2022-01-13T09:44:58.717Z,547236062,Päikeseenergia,dal.series,56857.22,kWh
2022-01-13T09:49:58.813Z,547236062,Päikeseenergia,dal.series,56857.25,kWh
2022-01-13T09:54:58.870Z,547236062,Päikeseenergia,dal.series,56857.28,kWh
2022-01-13T09:59:58.929Z,547236062,Päikeseenergia,dal.series,56857.31,kWh
2022-01-13T10:04:59.011Z,547236062,Päikeseenergia,dal.series,56857.37,kWh
2022-01-13T10:09:59.106Z,547236062,Päikeseenergia,dal.series,56857.42,kWh
2022-01-13T10:14:59.169Z,547236062,Päikeseenergia,dal.series,56857.46,kWh
2022-01-13T10:19:59.310Z,547236062,Päikeseenergia,dal.series,56857.49,kWh
2022-01-13T10:24:59.385Z,547236062,Päikeseenergia,dal.series,56857.54,kWh
2022-01-13T10:29:59.479Z,547236062,Päikeseenergia,dal.series,56857.6,kWh
2022-01-13T10:34:59.541Z,547236062,Päikeseenergia,dal.series,56857.67,kWh
2022-01-13T10:39:59.616Z,547236062,Päikeseenergia,dal.series,56857.74,kWh
2022-01-13T10:44:59.711Z,547236062,Päikeseenergia,dal.series,56857.83,kWh
2022-01-13T10:49:59.819Z,547236062,Päikeseenergia,dal.series,56857.92,kWh
2022-01-13T10:54:59.921Z,547236062,Päikeseenergia,dal.series,56858.03,kWh
2022-01-13T11:00:00.000Z,547236062,Päikeseenergia,dal.series,56858.13,kWh
2022-01-13T11:05:00.085Z,547236062,Päikeseenergia,dal.series,56858.22,kWh
2022-01-13T11:10:00.159Z,547236062,Päikeseenergia,dal.series,56858.32,kWh
2022-01-13T11:15:00.260Z,547236062,Päikeseenergia,dal.series,56858.43,kWh
2022-01-13T11:20:00.318Z,547236062,Päikeseenergia,dal.series,56858.52,kWh
2022-01-13T11:25:00.423Z,547236062,Päikeseenergia,dal.series,56858.61,kWh
2022-01-13T11:30:00.527Z,547236062,Päikeseenergia,dal.series,56858.7,kWh
2022-01-13T11:35:00.628Z,547236062,Päikeseenergia,dal.series,56858.79,kWh
2022-01-13T11:40:00.717Z,547236062,Päikeseenergia,dal.series,56858.88,kWh
2022-01-13T11:45:00.834Z,547236062,Päikeseenergia,dal.series,56858.98,kWh
2022-01-13T11:50:00.892Z,547236062,Päikeseenergia,dal.series,56859.07,kWh
2022-01-13T11:55:01.007Z,547236062,Päikeseenergia,dal.series,56859.15,kWh
2022-01-13T12:00:01.113Z,547236062,Päikeseenergia,dal.series,56859.24,kWh
2022-01-13T12:05:01.184Z,547236062,Päikeseenergia,dal.series,56859.32,kWh
2022-01-13T12:10:01.256Z,547236062,Päikeseenergia,dal.series,56859.4,kWh
2022-01-13T12:15:01.344Z,547236062,Päikeseenergia,dal.series,56859.47,kWh
2022-01-13T12:20:01.386Z,547236062,Päikeseenergia,dal.series,56859.55,kWh
2022-01-13T12:25:01.487Z,547236062,Päikeseenergia,dal.series,56859.61,kWh
2022-01-13T12:30:01.589Z,547236062,Päikeseenergia,dal.series,56859.7,kWh
2022-01-13T12:35:01.664Z,547236062,Päikeseenergia,dal.series,56859.76,kWh
2022-01-13T12:40:01.768Z,547236062,Päikeseenergia,dal.series,56859.82,kWh
2022-01-13T12:45:01.856Z,547236062,Päikeseenergia,dal.series,56859.87,kWh
2022-01-13T12:50:01.925Z,547236062,Päikeseenergia,dal.series,56859.91,kWh
2022-01-13T12:55:02.050Z,547236062,Päikeseenergia,dal.series,56859.96,kWh
2022-01-13T13:00:02.102Z,547236062,Päikeseenergia,dal.series,56860,kWh
2022-01-13T13:05:02.188Z,547236062,Päikeseenergia,dal.series,56860.05,kWh
2022-01-13T13:10:02.247Z,547236062,Päikeseenergia,dal.series,56860.08,kWh
2022-01-13T13:15:02.330Z,547236062,Päikeseenergia,dal.series,56860.11,kWh
2022-01-13T13:20:02.419Z,547236062,Päikeseenergia,dal.series,56860.14,kWh
2022-01-13T13:25:02.509Z,547236062,Päikeseenergia,dal.series,56860.17,kWh
2022-01-13T13:30:02.644Z,547236062,Päikeseenergia,dal.series,56860.2,kWh
2022-01-13T13:40:02.802Z,547236062,Päikeseenergia,dal.series,56860.22,kWh
2022-01-13T13:45:02.860Z,547236062,Päikeseenergia,dal.series,56860.23,kWh
2022-01-14T07:15:19.861Z,547236062,Päikeseenergia,dal.series,56860.24,kWh
2022-01-14T07:20:19.923Z,547236062,Päikeseenergia,dal.series,56860.26,kWh
2022-01-14T07:25:19.996Z,547236062,Päikeseenergia,dal.series,56860.27,kWh
2022-01-14T07:30:20.096Z,547236062,Päikeseenergia,dal.series,56860.29,kWh
2022-01-14T07:35:20.170Z,547236062,Päikeseenergia,dal.series,56860.3,kWh
2022-01-14T07:40:20.227Z,547236062,Päikeseenergia,dal.series,56860.33,kWh
2022-01-14T07:45:20.299Z,547236062,Päikeseenergia,dal.series,56860.36,kWh
2022-01-14T07:50:20.385Z,547236062,Päikeseenergia,dal.series,56860.4,kWh
2022-01-14T07:55:20.472Z,547236062,Päikeseenergia,dal.series,56860.45,kWh
2022-01-14T08:00:20.577Z,547236062,Päikeseenergia,dal.series,56860.5,kWh
2022-01-14T08:05:20.663Z,547236062,Päikeseenergia,dal.series,56860.54,kWh
2022-01-14T08:10:20.750Z,547236062,Päikeseenergia,dal.series,56860.63,kWh
2022-01-14T08:15:20.855Z,547236062,Päikeseenergia,dal.series,56860.72,kWh
2022-01-14T08:20:20.930Z,547236062,Päikeseenergia,dal.series,56860.8,kWh
2022-01-14T08:25:21.017Z,547236062,Päikeseenergia,dal.series,56860.88,kWh
2022-01-14T08:30:21.153Z,547236062,Päikeseenergia,dal.series,56860.96,kWh
2022-01-14T08:35:21.210Z,547236062,Päikeseenergia,dal.series,56861.04,kWh
2022-01-14T08:40:21.295Z,547236062,Päikeseenergia,dal.series,56861.11,kWh
2022-01-14T08:45:21.400Z,547236062,Päikeseenergia,dal.series,56861.17,kWh
2022-01-14T08:50:21.483Z,547236062,Päikeseenergia,dal.series,56861.25,kWh
2022-01-14T08:55:21.559Z,547236062,Päikeseenergia,dal.series,56861.29,kWh
2022-01-14T09:00:21.630Z,547236062,Päikeseenergia,dal.series,56861.32,kWh
2022-01-14T09:05:21.732Z,547236062,Päikeseenergia,dal.series,56861.35,kWh
2022-01-14T09:10:21.803Z,547236062,Päikeseenergia,dal.series,56861.39,kWh
2022-01-14T09:15:21.891Z,547236062,Päikeseenergia,dal.series,56861.42,kWh
2022-01-14T09:20:21.965Z,547236062,Päikeseenergia,dal.series,56861.47,kWh
2022-01-14T09:25:22.098Z,547236062,Päikeseenergia,dal.series,56861.55,kWh
2022-01-14T09:30:22.231Z,547236062,Päikeseenergia,dal.series,56861.63,kWh
2022-01-14T09:35:22.306Z,547236062,Päikeseenergia,dal.series,56861.7,kWh
2022-01-14T09:40:22.392Z,547236062,Päikeseenergia,dal.series,56861.8,kWh
2022-01-14T09:45:22.479Z,547236062,Päikeseenergia,dal.series,56861.86,kWh
2022-01-14T09:50:22.566Z,547236062,Päikeseenergia,dal.series,56861.92,kWh
2022-01-14T09:55:22.671Z,547236062,Päikeseenergia,dal.series,56861.98,kWh
2022-01-14T10:00:22.767Z,547236062,Päikeseenergia,dal.series,56862.04,kWh
2022-01-14T10:05:22.850Z,547236062,Päikeseenergia,dal.series,56862.13,kWh
2022-01-14T10:10:22.934Z,547236062,Päikeseenergia,dal.series,56862.19,kWh
2022-01-14T10:15:23.020Z,547236062,Päikeseenergia,dal.series,56862.23,kWh
2022-01-14T10:20:23.081Z,547236062,Päikeseenergia,dal.series,56862.28,kWh
2022-01-14T10:25:23.167Z,547236062,Päikeseenergia,dal.series,56862.31,kWh
2022-01-14T10:30:23.268Z,547236062,Päikeseenergia,dal.series,56862.37,kWh
2022-01-14T10:35:23.330Z,547236062,Päikeseenergia,dal.series,56862.43,kWh
2022-01-14T10:40:23.424Z,547236062,Päikeseenergia,dal.series,56862.46,kWh
2022-01-14T10:45:23.457Z,547236062,Päikeseenergia,dal.series,56862.52,kWh
2022-01-14T10:50:23.551Z,547236062,Päikeseenergia,dal.series,56862.56,kWh
2022-01-14T10:55:23.614Z,547236062,Päikeseenergia,dal.series,56862.61,kWh
2022-01-14T11:00:23.697Z,547236062,Päikeseenergia,dal.series,56862.67,kWh
2022-01-14T11:05:23.776Z,547236062,Päikeseenergia,dal.series,56862.73,kWh
2022-01-14T11:10:23.819Z,547236062,Päikeseenergia,dal.series,56862.81,kWh
2022-01-14T11:15:23.914Z,547236062,Päikeseenergia,dal.series,56862.88,kWh
2022-01-14T11:20:23.986Z,547236062,Päikeseenergia,dal.series,56862.95,kWh
2022-01-14T11:25:24.056Z,547236062,Päikeseenergia,dal.series,56863.03,kWh
2022-01-14T11:30:24.156Z,547236062,Päikeseenergia,dal.series,56863.15,kWh
2022-01-14T11:35:24.216Z,547236062,Päikeseenergia,dal.series,56863.24,kWh
2022-01-14T11:40:24.305Z,547236062,Päikeseenergia,dal.series,56863.33,kWh
2022-01-14T11:45:24.391Z,547236062,Päikeseenergia,dal.series,56863.4,kWh
2022-01-14T11:50:24.479Z,547236062,Päikeseenergia,dal.series,56863.48,kWh
2022-01-14T11:55:24.551Z,547236062,Päikeseenergia,dal.series,56863.56,kWh
2022-01-14T12:00:24.635Z,547236062,Päikeseenergia,dal.series,56863.63,kWh
2022-01-14T12:05:24.726Z,547236062,Päikeseenergia,dal.series,56863.69,kWh
2022-01-14T12:10:24.831Z,547236062,Päikeseenergia,dal.series,56863.74,kWh
2022-01-14T12:15:24.909Z,547236062,Päikeseenergia,dal.series,56863.79,kWh
2022-01-14T12:20:24.990Z,547236062,Päikeseenergia,dal.series,56863.84,kWh
2022-01-14T12:25:25.051Z,547236062,Päikeseenergia,dal.series,56863.9,kWh
2022-01-14T12:30:25.180Z,547236062,Päikeseenergia,dal.series,56863.95,kWh
2022-01-14T12:35:25.270Z,547236062,Päikeseenergia,dal.series,56863.99,kWh
2022-01-14T12:40:25.356Z,547236062,Päikeseenergia,dal.series,56864.02,kWh
2022-01-14T12:45:25.443Z,547236062,Päikeseenergia,dal.series,56864.07,kWh
2022-01-14T12:50:25.530Z,547236062,Päikeseenergia,dal.series,56864.09,kWh
2022-01-14T12:55:25.618Z,547236062,Päikeseenergia,dal.series,56864.11,kWh
2022-01-14T13:00:25.707Z,547236062,Päikeseenergia,dal.series,56864.14,kWh
2022-01-14T13:05:25.777Z,547236062,Päikeseenergia,dal.series,56864.16,kWh
2022-01-14T13:10:25.852Z,547236062,Päikeseenergia,dal.series,56864.17,kWh
2022-01-14T13:15:25.938Z,547236062,Päikeseenergia,dal.series,56864.19,kWh
2022-01-14T13:20:26.010Z,547236062,Päikeseenergia,dal.series,56864.2,kWh
2022-01-14T13:25:26.090Z,547236062,Päikeseenergia,dal.series,56864.22,kWh
2022-01-14T13:30:26.199Z,547236062,Päikeseenergia,dal.series,56864.23,kWh
2022-01-14T13:35:26.289Z,547236062,Päikeseenergia,dal.series,56864.26,kWh
2022-01-14T13:50:26.519Z,547236062,Päikeseenergia,dal.series,56864.27,kWh
2022-01-15T07:05:42.740Z,547236062,Päikeseenergia,dal.series,56864.29,kWh
2022-01-15T07:10:42.790Z,547236062,Päikeseenergia,dal.series,56864.3,kWh
2022-01-15T07:15:42.862Z,547236062,Päikeseenergia,dal.series,56864.31,kWh
2022-01-15T07:20:42.936Z,547236062,Päikeseenergia,dal.series,56864.33,kWh
2022-01-15T07:25:43.007Z,547236062,Päikeseenergia,dal.series,56864.35,kWh
2022-01-15T07:30:43.126Z,547236062,Päikeseenergia,dal.series,56864.38,kWh
2022-01-15T07:35:43.214Z,547236062,Päikeseenergia,dal.series,56864.41,kWh
2022-01-15T07:40:43.303Z,547236062,Päikeseenergia,dal.series,56864.43,kWh
2022-01-15T07:45:43.395Z,547236062,Päikeseenergia,dal.series,56864.46,kWh
2022-01-15T07:50:43.495Z,547236062,Päikeseenergia,dal.series,56864.5,kWh
2022-01-15T07:55:43.604Z,547236062,Päikeseenergia,dal.series,56864.53,kWh
2022-01-15T08:00:43.686Z,547236062,Päikeseenergia,dal.series,56864.56,kWh
2022-01-15T08:05:43.745Z,547236062,Päikeseenergia,dal.series,56864.6,kWh
2022-01-15T08:10:43.892Z,547236062,Päikeseenergia,dal.series,56864.64,kWh
2022-01-15T08:15:43.911Z,547236062,Päikeseenergia,dal.series,56864.69,kWh
2022-01-15T08:20:43.989Z,547236062,Päikeseenergia,dal.series,56864.75,kWh
2022-01-15T08:25:44.095Z,547236062,Päikeseenergia,dal.series,56864.81,kWh
2022-01-15T08:30:44.213Z,547236062,Päikeseenergia,dal.series,56864.87,kWh
2022-01-15T08:35:44.282Z,547236062,Päikeseenergia,dal.series,56864.96,kWh
2022-01-15T08:40:44.369Z,547236062,Päikeseenergia,dal.series,56865.05,kWh
2022-01-15T08:45:44.473Z,547236062,Päikeseenergia,dal.series,56865.14,kWh
2022-01-15T08:50:44.561Z,547236062,Päikeseenergia,dal.series,56865.25,kWh
2022-01-15T08:55:44.649Z,547236062,Päikeseenergia,dal.series,56865.37,kWh
2022-01-15T09:00:44.723Z,547236062,Päikeseenergia,dal.series,56865.5,kWh
2022-01-15T09:05:44.827Z,547236062,Päikeseenergia,dal.series,56865.63,kWh
2022-01-15T09:10:44.944Z,547236062,Päikeseenergia,dal.series,56865.78,kWh
2022-01-15T09:15:45.046Z,547236062,Päikeseenergia,dal.series,56865.93,kWh
2022-01-15T09:20:45.135Z,547236062,Päikeseenergia,dal.series,56866.08,kWh
2022-01-15T09:25:45.210Z,547236062,Päikeseenergia,dal.series,56866.23,kWh
2022-01-15T09:30:45.328Z,547236062,Päikeseenergia,dal.series,56866.4,kWh
2022-01-15T09:35:45.415Z,547236062,Päikeseenergia,dal.series,56866.55,kWh
2022-01-15T09:40:45.521Z,547236062,Päikeseenergia,dal.series,56866.7,kWh
2022-01-15T09:45:45.589Z,547236062,Päikeseenergia,dal.series,56866.85,kWh
2022-01-15T09:50:45.693Z,547236062,Päikeseenergia,dal.series,56866.98,kWh
2022-01-15T09:55:45.781Z,547236062,Päikeseenergia,dal.series,56867.12,kWh
2022-01-15T10:00:45.869Z,547236062,Päikeseenergia,dal.series,56867.26,kWh
2022-01-15T10:05:45.996Z,547236062,Päikeseenergia,dal.series,56867.39,kWh
2022-01-15T10:10:46.026Z,547236062,Päikeseenergia,dal.series,56867.54,kWh
2022-01-15T10:15:46.131Z,547236062,Päikeseenergia,dal.series,56867.69,kWh
2022-01-15T10:20:46.236Z,547236062,Päikeseenergia,dal.series,56867.84,kWh
2022-01-15T10:25:46.325Z,547236062,Päikeseenergia,dal.series,56867.98,kWh
2022-01-15T10:30:46.461Z,547236062,Päikeseenergia,dal.series,56868.12,kWh
2022-01-15T10:35:46.531Z,547236062,Päikeseenergia,dal.series,56868.27,kWh
2022-01-15T10:40:46.601Z,547236062,Päikeseenergia,dal.series,56868.42,kWh
2022-01-15T10:45:46.660Z,547236062,Päikeseenergia,dal.series,56868.57,kWh
2022-01-15T10:50:46.731Z,547236062,Päikeseenergia,dal.series,56868.72,kWh
2022-01-15T10:55:46.818Z,547236062,Päikeseenergia,dal.series,56868.89,kWh
2022-01-15T11:00:46.875Z,547236062,Päikeseenergia,dal.series,56869.05,kWh
2022-01-15T11:05:46.959Z,547236062,Päikeseenergia,dal.series,56869.2,kWh
2022-01-15T11:10:47.062Z,547236062,Päikeseenergia,dal.series,56869.35,kWh
2022-01-15T11:15:47.168Z,547236062,Päikeseenergia,dal.series,56869.5,kWh
2022-01-15T11:20:47.254Z,547236062,Päikeseenergia,dal.series,56869.63,kWh
2022-01-15T11:25:47.327Z,547236062,Päikeseenergia,dal.series,56869.75,kWh
2022-01-15T11:30:47.449Z,547236062,Päikeseenergia,dal.series,56869.87,kWh
2022-01-15T11:35:47.534Z,547236062,Päikeseenergia,dal.series,56869.99,kWh
2022-01-15T11:40:47.623Z,547236062,Päikeseenergia,dal.series,56870.11,kWh
2022-01-15T11:45:47.702Z,547236062,Päikeseenergia,dal.series,56870.23,kWh
2022-01-15T11:50:47.766Z,547236062,Päikeseenergia,dal.series,56870.35,kWh
2022-01-15T11:55:47.842Z,547236062,Päikeseenergia,dal.series,56870.47,kWh
2022-01-15T12:00:47.905Z,547236062,Päikeseenergia,dal.series,56870.59,kWh
2022-01-15T12:05:47.963Z,547236062,Päikeseenergia,dal.series,56870.68,kWh
2022-01-15T12:10:48.036Z,547236062,Päikeseenergia,dal.series,56870.76,kWh
2022-01-15T12:15:48.155Z,547236062,Päikeseenergia,dal.series,56870.83,kWh
2022-01-15T12:20:48.210Z,547236062,Päikeseenergia,dal.series,56870.91,kWh
2022-01-15T12:25:48.263Z,547236062,Päikeseenergia,dal.series,56870.98,kWh
2022-01-15T12:30:48.369Z,547236062,Päikeseenergia,dal.series,56871.05,kWh
2022-01-15T12:35:48.462Z,547236062,Päikeseenergia,dal.series,56871.11,kWh
2022-01-15T12:40:48.564Z,547236062,Päikeseenergia,dal.series,56871.15,kWh
2022-01-15T12:45:48.639Z,547236062,Päikeseenergia,dal.series,56871.2,kWh
2022-01-15T12:50:48.706Z,547236062,Päikeseenergia,dal.series,56871.25,kWh
2022-01-15T12:55:48.783Z,547236062,Päikeseenergia,dal.series,56871.29,kWh
2022-01-15T13:00:48.880Z,547236062,Päikeseenergia,dal.series,56871.34,kWh
2022-01-15T13:05:48.938Z,547236062,Päikeseenergia,dal.series,56871.38,kWh
2022-01-15T13:10:49.009Z,547236062,Päikeseenergia,dal.series,56871.43,kWh
2022-01-15T13:15:49.093Z,547236062,Päikeseenergia,dal.series,56871.46,kWh
2022-01-15T13:20:49.183Z,547236062,Päikeseenergia,dal.series,56871.49,kWh
2022-01-15T13:25:49.269Z,547236062,Päikeseenergia,dal.series,56871.53,kWh
2022-01-15T13:30:49.357Z,547236062,Päikeseenergia,dal.series,56871.57,kWh
2022-01-15T13:35:49.427Z,547236062,Päikeseenergia,dal.series,56871.58,kWh
2022-01-15T13:40:49.500Z,547236062,Päikeseenergia,dal.series,56871.61,kWh
2022-01-15T13:45:49.570Z,547236062,Päikeseenergia,dal.series,56871.62,kWh
2022-01-15T13:50:49.660Z,547236062,Päikeseenergia,dal.series,56871.64,kWh
2022-01-16T01:06:00.725Z,547236062,Päikeseenergia,dal.series,56871.65,kWh
2022-01-16T07:01:05.991Z,547236062,Päikeseenergia,dal.series,56871.66,kWh
2022-01-16T07:06:06.055Z,547236062,Päikeseenergia,dal.series,56871.67,kWh
2022-01-16T07:11:06.128Z,547236062,Päikeseenergia,dal.series,56871.68,kWh
2022-01-16T07:16:06.198Z,547236062,Päikeseenergia,dal.series,56871.7,kWh
2022-01-16T07:21:06.289Z,547236062,Päikeseenergia,dal.series,56871.72,kWh
2022-01-16T07:26:06.378Z,547236062,Päikeseenergia,dal.series,56871.75,kWh
2022-01-16T07:31:06.480Z,547236062,Päikeseenergia,dal.series,56871.77,kWh
2022-01-16T07:36:06.570Z,547236062,Päikeseenergia,dal.series,56871.8,kWh
2022-01-16T07:41:06.670Z,547236062,Päikeseenergia,dal.series,56871.81,kWh
2022-01-16T07:46:06.759Z,547236062,Päikeseenergia,dal.series,56871.84,kWh
2022-01-16T07:51:06.838Z,547236062,Päikeseenergia,dal.series,56871.86,kWh
2022-01-16T07:56:06.931Z,547236062,Päikeseenergia,dal.series,56871.9,kWh
2022-01-16T08:01:07.010Z,547236062,Päikeseenergia,dal.series,56871.95,kWh
2022-01-16T08:06:07.077Z,547236062,Päikeseenergia,dal.series,56871.98,kWh
2022-01-16T08:11:07.180Z,547236062,Päikeseenergia,dal.series,56872.05,kWh
2022-01-16T08:16:07.283Z,547236062,Päikeseenergia,dal.series,56872.14,kWh
2022-01-16T08:21:07.355Z,547236062,Päikeseenergia,dal.series,56872.22,kWh
2022-01-16T08:26:07.443Z,547236062,Päikeseenergia,dal.series,56872.29,kWh
2022-01-16T08:31:07.558Z,547236062,Päikeseenergia,dal.series,56872.38,kWh
2022-01-16T08:36:07.651Z,547236062,Päikeseenergia,dal.series,56872.46,kWh
2022-01-16T08:41:07.724Z,547236062,Päikeseenergia,dal.series,56872.56,kWh
2022-01-16T08:46:07.793Z,547236062,Päikeseenergia,dal.series,56872.64,kWh
2022-01-16T08:51:07.866Z,547236062,Päikeseenergia,dal.series,56872.73,kWh
2022-01-16T08:56:07.954Z,547236062,Päikeseenergia,dal.series,56872.8,kWh
2022-01-16T09:01:08.072Z,547236062,Päikeseenergia,dal.series,56872.89,kWh
2022-01-16T09:06:08.128Z,547236062,Päikeseenergia,dal.series,56872.97,kWh
2022-01-16T09:11:08.231Z,547236062,Päikeseenergia,dal.series,56873.04,kWh
2022-01-16T09:16:08.322Z,547236062,Päikeseenergia,dal.series,56873.13,kWh
2022-01-16T09:21:08.393Z,547236062,Päikeseenergia,dal.series,56873.22,kWh
2022-01-16T09:26:08.510Z,547236062,Päikeseenergia,dal.series,56873.32,kWh
2022-01-16T09:31:08.629Z,547236062,Päikeseenergia,dal.series,56873.43,kWh
2022-01-16T09:36:08.702Z,547236062,Päikeseenergia,dal.series,56873.54,kWh
2022-01-16T09:41:08.809Z,547236062,Päikeseenergia,dal.series,56873.65,kWh
2022-01-16T09:46:08.893Z,547236062,Päikeseenergia,dal.series,56873.76,kWh
2022-01-16T09:51:08.963Z,547236062,Päikeseenergia,dal.series,56873.88,kWh
2022-01-16T09:56:09.065Z,547236062,Päikeseenergia,dal.series,56874,kWh
2022-01-16T10:01:09.170Z,547236062,Päikeseenergia,dal.series,56874.12,kWh
2022-01-16T10:06:09.275Z,547236062,Päikeseenergia,dal.series,56874.27,kWh
2022-01-16T10:11:09.362Z,547236062,Päikeseenergia,dal.series,56874.42,kWh
2022-01-16T10:16:09.418Z,547236062,Päikeseenergia,dal.series,56874.57,kWh
2022-01-16T10:21:09.522Z,547236062,Päikeseenergia,dal.series,56874.69,kWh
2022-01-16T10:26:09.641Z,547236062,Päikeseenergia,dal.series,56874.81,kWh
2022-01-16T10:31:09.764Z,547236062,Päikeseenergia,dal.series,56874.93,kWh
2022-01-16T10:36:09.850Z,547236062,Päikeseenergia,dal.series,56875.05,kWh
2022-01-16T10:41:09.956Z,547236062,Päikeseenergia,dal.series,56875.17,kWh
2022-01-16T10:46:10.023Z,547236062,Päikeseenergia,dal.series,56875.29,kWh
2022-01-16T10:51:10.096Z,547236062,Päikeseenergia,dal.series,56875.41,kWh
2022-01-16T10:56:10.199Z,547236062,Päikeseenergia,dal.series,56875.5,kWh
2022-01-16T11:01:10.287Z,547236062,Päikeseenergia,dal.series,56875.59,kWh
2022-01-16T11:06:10.374Z,547236062,Päikeseenergia,dal.series,56875.68,kWh
2022-01-16T11:11:10.496Z,547236062,Päikeseenergia,dal.series,56875.74,kWh
2022-01-16T11:16:10.533Z,547236062,Päikeseenergia,dal.series,56875.84,kWh
2022-01-16T11:21:10.637Z,547236062,Päikeseenergia,dal.series,56875.97,kWh
2022-01-16T11:26:10.773Z,547236062,Päikeseenergia,dal.series,56876.07,kWh
2022-01-16T11:31:10.924Z,547236062,Päikeseenergia,dal.series,56876.25,kWh
2022-01-16T11:36:10.994Z,547236062,Päikeseenergia,dal.series,56876.36,kWh
2022-01-16T11:41:11.100Z,547236062,Päikeseenergia,dal.series,56876.47,kWh
2022-01-16T11:46:11.190Z,547236062,Päikeseenergia,dal.series,56876.56,kWh
2022-01-16T11:51:11.261Z,547236062,Päikeseenergia,dal.series,56876.65,kWh
2022-01-16T11:56:11.318Z,547236062,Päikeseenergia,dal.series,56876.76,kWh
2022-01-16T12:01:11.402Z,547236062,Päikeseenergia,dal.series,56876.82,kWh
2022-01-16T12:06:11.489Z,547236062,Päikeseenergia,dal.series,56876.88,kWh
2022-01-16T12:11:11.579Z,547236062,Päikeseenergia,dal.series,56876.93,kWh
2022-01-16T12:16:11.650Z,547236062,Päikeseenergia,dal.series,56876.98,kWh
2022-01-16T12:21:11.786Z,547236062,Päikeseenergia,dal.series,56877.02,kWh
2022-01-16T12:26:11.828Z,547236062,Päikeseenergia,dal.series,56877.07,kWh
2022-01-16T12:31:11.945Z,547236062,Päikeseenergia,dal.series,56877.12,kWh
2022-01-16T12:36:12.005Z,547236062,Päikeseenergia,dal.series,56877.15,kWh
2022-01-16T12:41:12.073Z,547236062,Päikeseenergia,dal.series,56877.18,kWh
2022-01-16T12:46:12.191Z,547236062,Päikeseenergia,dal.series,56877.21,kWh
2022-01-16T12:51:12.280Z,547236062,Päikeseenergia,dal.series,56877.24,kWh
2022-01-16T12:56:12.384Z,547236062,Päikeseenergia,dal.series,56877.27,kWh
2022-01-16T13:01:12.487Z,547236062,Päikeseenergia,dal.series,56877.3,kWh
2022-01-16T13:06:12.576Z,547236062,Päikeseenergia,dal.series,56877.31,kWh
2022-01-16T13:11:12.645Z,547236062,Päikeseenergia,dal.series,56877.33,kWh
2022-01-16T13:16:12.738Z,547236062,Päikeseenergia,dal.series,56877.34,kWh
2022-01-16T13:21:12.806Z,547236062,Päikeseenergia,dal.series,56877.35,kWh
2022-01-16T13:31:12.952Z,547236062,Päikeseenergia,dal.series,56877.36,kWh
2022-01-16T19:16:18.489Z,547236062,Päikeseenergia,dal.series,56877.37,kWh
2022-01-17T07:56:30.517Z,547236062,Päikeseenergia,dal.series,56877.38,kWh
2022-01-17T08:06:30.661Z,547236062,Päikeseenergia,dal.series,56877.39,kWh
2022-01-17T08:11:30.733Z,547236062,Päikeseenergia,dal.series,56877.4,kWh
2022-01-17T08:21:30.875Z,547236062,Päikeseenergia,dal.series,56877.41,kWh
2022-01-17T08:26:30.964Z,547236062,Päikeseenergia,dal.series,56877.42,kWh
2022-01-17T08:36:31.155Z,547236062,Päikeseenergia,dal.series,56877.43,kWh
2022-01-17T08:41:31.214Z,547236062,Päikeseenergia,dal.series,56877.44,kWh
2022-01-17T08:46:31.280Z,547236062,Päikeseenergia,dal.series,56877.45,kWh
2022-01-17T08:51:31.334Z,547236062,Päikeseenergia,dal.series,56877.47,kWh
2022-01-17T08:56:31.425Z,547236062,Päikeseenergia,dal.series,56877.49,kWh
2022-01-17T09:01:31.513Z,547236062,Päikeseenergia,dal.series,56877.51,kWh
2022-01-17T09:06:31.601Z,547236062,Päikeseenergia,dal.series,56877.53,kWh
2022-01-17T09:11:31.671Z,547236062,Päikeseenergia,dal.series,56877.55,kWh
2022-01-17T09:16:31.740Z,547236062,Päikeseenergia,dal.series,56877.57,kWh
2022-01-17T09:21:31.810Z,547236062,Päikeseenergia,dal.series,56877.6,kWh
2022-01-17T09:26:31.870Z,547236062,Päikeseenergia,dal.series,56877.63,kWh
2022-01-17T09:31:32.054Z,547236062,Päikeseenergia,dal.series,56877.66,kWh
2022-01-17T09:36:32.105Z,547236062,Päikeseenergia,dal.series,56877.69,kWh
2022-01-17T09:41:32.176Z,547236062,Päikeseenergia,dal.series,56877.72,kWh
2022-01-17T09:46:32.253Z,547236062,Päikeseenergia,dal.series,56877.75,kWh
2022-01-17T09:51:32.309Z,547236062,Päikeseenergia,dal.series,56877.77,kWh
2022-01-17T09:56:32.377Z,547236062,Päikeseenergia,dal.series,56877.79,kWh
2022-01-17T10:01:32.446Z,547236062,Päikeseenergia,dal.series,56877.81,kWh
2022-01-17T10:06:32.555Z,547236062,Päikeseenergia,dal.series,56877.83,kWh
2022-01-17T10:11:32.639Z,547236062,Päikeseenergia,dal.series,56877.85,kWh
2022-01-17T10:16:32.714Z,547236062,Päikeseenergia,dal.series,56877.88,kWh
2022-01-17T10:21:32.785Z,547236062,Päikeseenergia,dal.series,56877.91,kWh
2022-01-17T10:26:32.860Z,547236062,Päikeseenergia,dal.series,56877.93,kWh
2022-01-17T10:31:32.946Z,547236062,Päikeseenergia,dal.series,56877.96,kWh
2022-01-17T10:36:33.037Z,547236062,Päikeseenergia,dal.series,56877.97,kWh
2022-01-17T10:41:33.103Z,547236062,Päikeseenergia,dal.series,56877.98,kWh
2022-01-17T10:46:33.179Z,547236062,Päikeseenergia,dal.series,56877.99,kWh
2022-01-17T11:01:33.388Z,547236062,Päikeseenergia,dal.series,56878.02,kWh
2022-01-17T11:06:33.434Z,547236062,Päikeseenergia,dal.series,56878.04,kWh
2022-01-17T11:11:33.516Z,547236062,Päikeseenergia,dal.series,56878.05,kWh
2022-01-17T11:16:33.608Z,547236062,Päikeseenergia,dal.series,56878.07,kWh
2022-01-17T11:21:33.691Z,547236062,Päikeseenergia,dal.series,56878.08,kWh
2022-01-18T00:26:46.049Z,547236062,Päikeseenergia,dal.series,56878.09,kWh
2022-01-18T08:11:53.224Z,547236062,Päikeseenergia,dal.series,56878.11,kWh
2022-01-18T08:21:53.364Z,547236062,Päikeseenergia,dal.series,56878.12,kWh
2022-01-18T08:26:53.455Z,547236062,Päikeseenergia,dal.series,56878.14,kWh
2022-01-18T08:31:53.560Z,547236062,Päikeseenergia,dal.series,56878.15,kWh
2022-01-18T08:36:53.648Z,547236062,Päikeseenergia,dal.series,56878.16,kWh
2022-01-18T08:41:53.764Z,547236062,Päikeseenergia,dal.series,56878.18,kWh
2022-01-18T08:46:53.868Z,547236062,Päikeseenergia,dal.series,56878.2,kWh
2022-01-18T08:51:53.955Z,547236062,Päikeseenergia,dal.series,56878.22,kWh
2022-01-18T08:56:54.028Z,547236062,Päikeseenergia,dal.series,56878.24,kWh
2022-01-18T09:01:54.099Z,547236062,Päikeseenergia,dal.series,56878.26,kWh
2022-01-18T09:06:54.174Z,547236062,Päikeseenergia,dal.series,56878.28,kWh
2022-01-18T09:11:54.245Z,547236062,Päikeseenergia,dal.series,56878.31,kWh
2022-01-18T09:16:54.316Z,547236062,Päikeseenergia,dal.series,56878.33,kWh
2022-01-18T09:21:54.387Z,547236062,Päikeseenergia,dal.series,56878.35,kWh
2022-01-18T09:26:54.473Z,547236062,Päikeseenergia,dal.series,56878.38,kWh
2022-01-18T09:31:54.609Z,547236062,Päikeseenergia,dal.series,56878.4,kWh
2022-01-18T09:36:54.634Z,547236062,Päikeseenergia,dal.series,56878.43,kWh
2022-01-18T09:41:54.705Z,547236062,Päikeseenergia,dal.series,56878.45,kWh
2022-01-18T09:46:54.777Z,547236062,Päikeseenergia,dal.series,56878.47,kWh
2022-01-18T09:51:54.848Z,547236062,Päikeseenergia,dal.series,56878.49,kWh
2022-01-18T09:56:54.919Z,547236062,Päikeseenergia,dal.series,56878.52,kWh
2022-01-18T10:01:55.008Z,547236062,Päikeseenergia,dal.series,56878.54,kWh
2022-01-18T10:06:55.063Z,547236062,Päikeseenergia,dal.series,56878.56,kWh
2022-01-18T10:11:55.135Z,547236062,Päikeseenergia,dal.series,56878.58,kWh
2022-01-18T10:16:55.177Z,547236062,Päikeseenergia,dal.series,56878.61,kWh
2022-01-18T10:21:55.293Z,547236062,Päikeseenergia,dal.series,56878.62,kWh
2022-01-18T10:26:55.382Z,547236062,Päikeseenergia,dal.series,56878.64,kWh
2022-01-18T10:31:55.485Z,547236062,Päikeseenergia,dal.series,56878.67,kWh
2022-01-18T10:36:55.574Z,547236062,Päikeseenergia,dal.series,56878.68,kWh
2022-01-18T10:41:55.676Z,547236062,Päikeseenergia,dal.series,56878.7,kWh
2022-01-18T10:46:55.767Z,547236062,Päikeseenergia,dal.series,56878.73,kWh
2022-01-18T10:56:55.927Z,547236062,Päikeseenergia,dal.series,56878.76,kWh
2022-01-18T11:01:55.996Z,547236062,Päikeseenergia,dal.series,56878.77,kWh
2022-01-18T11:06:56.067Z,547236062,Päikeseenergia,dal.series,56878.79,kWh
2022-01-18T11:11:56.125Z,547236062,Päikeseenergia,dal.series,56878.82,kWh
2022-01-18T11:16:56.210Z,547236062,Päikeseenergia,dal.series,56878.84,kWh
2022-01-18T11:21:56.282Z,547236062,Päikeseenergia,dal.series,56878.86,kWh
2022-01-18T11:26:56.368Z,547236062,Päikeseenergia,dal.series,56878.88,kWh
2022-01-18T11:31:56.473Z,547236062,Päikeseenergia,dal.series,56878.91,kWh
2022-01-18T11:36:56.528Z,547236062,Päikeseenergia,dal.series,56878.93,kWh
2022-01-18T11:41:56.584Z,547236062,Päikeseenergia,dal.series,56878.94,kWh
2022-01-18T11:46:56.656Z,547236062,Päikeseenergia,dal.series,56878.97,kWh
2022-01-18T11:51:56.726Z,547236062,Päikeseenergia,dal.series,56878.98,kWh
2022-01-18T11:56:56.798Z,547236062,Päikeseenergia,dal.series,56879,kWh
2022-01-18T12:01:56.888Z,547236062,Päikeseenergia,dal.series,56879.01,kWh
2022-01-18T12:06:56.959Z,547236062,Päikeseenergia,dal.series,56879.03,kWh
2022-01-18T12:11:57.029Z,547236062,Päikeseenergia,dal.series,56879.04,kWh
2022-01-18T12:16:57.096Z,547236062,Päikeseenergia,dal.series,56879.06,kWh
2022-01-18T12:21:57.153Z,547236062,Päikeseenergia,dal.series,56879.07,kWh
2022-01-18T12:26:57.227Z,547236062,Päikeseenergia,dal.series,56879.08,kWh
2022-01-18T12:31:57.315Z,547236062,Päikeseenergia,dal.series,56879.09,kWh
2022-01-18T12:36:57.374Z,547236062,Päikeseenergia,dal.series,56879.1,kWh
2022-01-18T12:46:57.531Z,547236062,Päikeseenergia,dal.series,56879.12,kWh
2022-01-18T13:01:57.762Z,547236062,Päikeseenergia,dal.series,56879.13,kWh
2022-01-18T13:06:57.816Z,547236062,Päikeseenergia,dal.series,56879.14,kWh
2022-01-18T13:11:57.874Z,547236062,Päikeseenergia,dal.series,56879.15,kWh
2022-01-18T17:17:01.725Z,547236062,Päikeseenergia,dal.series,56879.16,kWh
2022-01-19T08:32:15.894Z,547236062,Päikeseenergia,dal.series,56879.17,kWh
2022-01-19T08:42:15.988Z,547236062,Päikeseenergia,dal.series,56879.19,kWh
2022-01-19T08:47:16.089Z,547236062,Päikeseenergia,dal.series,56879.2,kWh
2022-01-19T08:57:16.200Z,547236062,Päikeseenergia,dal.series,56879.22,kWh
2022-01-19T09:02:16.287Z,547236062,Päikeseenergia,dal.series,56879.23,kWh
2022-01-19T09:12:16.435Z,547236062,Päikeseenergia,dal.series,56879.24,kWh
2022-01-19T09:17:16.518Z,547236062,Päikeseenergia,dal.series,56879.25,kWh
2022-01-19T09:22:16.589Z,547236062,Päikeseenergia,dal.series,56879.26,kWh
2022-01-19T09:27:16.678Z,547236062,Päikeseenergia,dal.series,56879.27,kWh
2022-01-19T09:32:16.784Z,547236062,Päikeseenergia,dal.series,56879.28,kWh
2022-01-19T09:37:16.884Z,547236062,Päikeseenergia,dal.series,56879.29,kWh
2022-01-19T09:42:16.971Z,547236062,Päikeseenergia,dal.series,56879.3,kWh
2022-01-19T09:47:17.028Z,547236062,Päikeseenergia,dal.series,56879.32,kWh
2022-01-19T09:52:17.095Z,547236062,Päikeseenergia,dal.series,56879.33,kWh
2022-01-19T09:57:17.179Z,547236062,Päikeseenergia,dal.series,56879.35,kWh
2022-01-19T10:02:17.274Z,547236062,Päikeseenergia,dal.series,56879.36,kWh
2022-01-19T10:07:17.362Z,547236062,Päikeseenergia,dal.series,56879.38,kWh
2022-01-19T10:17:17.494Z,547236062,Päikeseenergia,dal.series,56879.4,kWh
2022-01-19T10:22:17.598Z,547236062,Päikeseenergia,dal.series,56879.41,kWh
2022-01-19T10:27:17.682Z,547236062,Päikeseenergia,dal.series,56879.44,kWh
2022-01-19T10:32:17.787Z,547236062,Päikeseenergia,dal.series,56879.45,kWh
2022-01-19T10:37:17.895Z,547236062,Päikeseenergia,dal.series,56879.47,kWh
2022-01-19T10:42:17.962Z,547236062,Päikeseenergia,dal.series,56879.5,kWh
2022-01-19T10:47:18.037Z,547236062,Päikeseenergia,dal.series,56879.51,kWh
2022-01-19T10:52:18.133Z,547236062,Päikeseenergia,dal.series,56879.53,kWh
2022-01-19T10:57:18.231Z,547236062,Päikeseenergia,dal.series,56879.56,kWh
2022-01-19T11:02:18.299Z,547236062,Päikeseenergia,dal.series,56879.57,kWh
2022-01-19T11:07:18.401Z,547236062,Päikeseenergia,dal.series,56879.59,kWh
2022-01-19T11:12:18.472Z,547236062,Päikeseenergia,dal.series,56879.62,kWh
2022-01-19T11:17:18.548Z,547236062,Päikeseenergia,dal.series,56879.64,kWh
2022-01-19T11:22:18.617Z,547236062,Päikeseenergia,dal.series,56879.65,kWh
2022-01-19T11:27:18.687Z,547236062,Päikeseenergia,dal.series,56879.68,kWh
2022-01-19T11:32:18.805Z,547236062,Päikeseenergia,dal.series,56879.71,kWh
2022-01-19T11:37:18.869Z,547236062,Päikeseenergia,dal.series,56879.74,kWh
2022-01-19T11:42:18.950Z,547236062,Päikeseenergia,dal.series,56879.77,kWh
2022-01-19T11:47:19.006Z,547236062,Päikeseenergia,dal.series,56879.78,kWh
2022-01-19T11:52:19.047Z,547236062,Päikeseenergia,dal.series,56879.81,kWh
2022-01-19T11:57:19.134Z,547236062,Päikeseenergia,dal.series,56879.86,kWh
2022-01-19T12:02:19.207Z,547236062,Päikeseenergia,dal.series,56879.89,kWh
2022-01-19T12:07:19.275Z,547236062,Päikeseenergia,dal.series,56879.92,kWh
2022-01-19T12:12:19.363Z,547236062,Päikeseenergia,dal.series,56879.98,kWh
2022-01-19T12:17:19.421Z,547236062,Päikeseenergia,dal.series,56880.01,kWh
2022-01-19T12:22:19.510Z,547236062,Päikeseenergia,dal.series,56880.07,kWh
2022-01-19T12:27:19.628Z,547236062,Päikeseenergia,dal.series,56880.1,kWh
2022-01-19T12:32:19.762Z,547236062,Päikeseenergia,dal.series,56880.13,kWh
2022-01-19T12:37:19.849Z,547236062,Päikeseenergia,dal.series,56880.16,kWh
2022-01-19T12:42:19.920Z,547236062,Päikeseenergia,dal.series,56880.21,kWh
2022-01-19T12:47:19.993Z,547236062,Päikeseenergia,dal.series,56880.25,kWh
2022-01-19T12:52:20.065Z,547236062,Päikeseenergia,dal.series,56880.28,kWh
2022-01-19T12:57:20.154Z,547236062,Päikeseenergia,dal.series,56880.3,kWh
2022-01-19T13:02:20.240Z,547236062,Päikeseenergia,dal.series,56880.33,kWh
2022-01-19T13:07:20.327Z,547236062,Päikeseenergia,dal.series,56880.34,kWh
2022-01-19T13:12:20.371Z,547236062,Päikeseenergia,dal.series,56880.37,kWh
2022-01-19T13:17:20.439Z,547236062,Päikeseenergia,dal.series,56880.4,kWh
2022-01-19T13:22:20.525Z,547236062,Päikeseenergia,dal.series,56880.43,kWh
2022-01-19T13:27:20.583Z,547236062,Päikeseenergia,dal.series,56880.45,kWh
2022-01-19T13:32:20.684Z,547236062,Päikeseenergia,dal.series,56880.46,kWh
2022-01-19T13:37:20.744Z,547236062,Päikeseenergia,dal.series,56880.48,kWh
2022-01-19T13:42:20.846Z,547236062,Päikeseenergia,dal.series,56880.49,kWh
2022-01-19T13:52:21.052Z,547236062,Päikeseenergia,dal.series,56880.5,kWh
2022-01-19T13:57:21.141Z,547236062,Päikeseenergia,dal.series,56880.51,kWh
2022-01-20T06:12:36.192Z,547236062,Päikeseenergia,dal.series,56880.52,kWh
2022-01-20T07:42:37.540Z,547236062,Päikeseenergia,dal.series,56880.53,kWh
2022-01-20T07:57:37.803Z,547236062,Päikeseenergia,dal.series,56880.56,kWh
2022-01-20T08:12:38.022Z,547236062,Päikeseenergia,dal.series,56880.59,kWh
2022-01-20T08:27:38.282Z,547236062,Päikeseenergia,dal.series,56880.6,kWh
2022-01-20T08:32:38.421Z,547236062,Päikeseenergia,dal.series,56880.61,kWh
2022-01-20T08:37:38.505Z,547236062,Päikeseenergia,dal.series,56880.62,kWh
2022-01-20T08:47:38.696Z,547236062,Päikeseenergia,dal.series,56880.63,kWh
2022-01-20T09:07:38.999Z,547236062,Päikeseenergia,dal.series,56880.64,kWh
2022-01-20T09:12:39.053Z,547236062,Päikeseenergia,dal.series,56880.65,kWh
2022-01-20T09:17:39.126Z,547236062,Päikeseenergia,dal.series,56880.66,kWh
2022-01-20T09:22:39.225Z,547236062,Päikeseenergia,dal.series,56880.69,kWh
2022-01-20T09:27:39.302Z,547236062,Päikeseenergia,dal.series,56880.75,kWh
2022-01-20T09:32:39.404Z,547236062,Päikeseenergia,dal.series,56880.79,kWh
2022-01-20T09:37:39.497Z,547236062,Päikeseenergia,dal.series,56880.86,kWh
2022-01-20T09:42:39.610Z,547236062,Päikeseenergia,dal.series,56880.93,kWh
2022-01-20T09:47:39.666Z,547236062,Päikeseenergia,dal.series,56881.02,kWh
2022-01-20T09:52:39.737Z,547236062,Päikeseenergia,dal.series,56881.07,kWh
2022-01-20T09:57:39.826Z,547236062,Päikeseenergia,dal.series,56881.1,kWh
2022-01-20T10:02:39.915Z,547236062,Päikeseenergia,dal.series,56881.13,kWh
2022-01-20T10:07:39.987Z,547236062,Päikeseenergia,dal.series,56881.17,kWh
2022-01-20T10:12:40.101Z,547236062,Päikeseenergia,dal.series,56881.22,kWh
2022-01-20T10:17:40.138Z,547236062,Päikeseenergia,dal.series,56881.28,kWh
2022-01-20T10:22:40.232Z,547236062,Päikeseenergia,dal.series,56881.36,kWh
2022-01-20T10:27:40.322Z,547236062,Päikeseenergia,dal.series,56881.46,kWh
2022-01-20T10:32:40.431Z,547236062,Päikeseenergia,dal.series,56881.61,kWh
2022-01-20T10:37:40.556Z,547236062,Päikeseenergia,dal.series,56881.71,kWh
2022-01-20T10:42:40.629Z,547236062,Päikeseenergia,dal.series,56881.81,kWh
2022-01-20T10:47:40.704Z,547236062,Päikeseenergia,dal.series,56881.92,kWh
2022-01-20T10:52:40.798Z,547236062,Päikeseenergia,dal.series,56882.04,kWh
2022-01-20T10:57:40.864Z,547236062,Päikeseenergia,dal.series,56882.1,kWh
2022-01-20T11:02:40.967Z,547236062,Päikeseenergia,dal.series,56882.16,kWh
2022-01-20T11:07:41.023Z,547236062,Päikeseenergia,dal.series,56882.22,kWh
2022-01-20T11:12:41.111Z,547236062,Päikeseenergia,dal.series,56882.25,kWh
2022-01-20T11:17:41.197Z,547236062,Päikeseenergia,dal.series,56882.31,kWh
2022-01-20T11:22:41.237Z,547236062,Päikeseenergia,dal.series,56882.34,kWh
2022-01-20T11:27:41.335Z,547236062,Päikeseenergia,dal.series,56882.4,kWh
2022-01-20T11:32:41.429Z,547236062,Päikeseenergia,dal.series,56882.45,kWh
2022-01-20T11:37:41.526Z,547236062,Päikeseenergia,dal.series,56882.53,kWh
2022-01-20T11:42:41.588Z,547236062,Päikeseenergia,dal.series,56882.61,kWh
2022-01-20T11:47:41.691Z,547236062,Päikeseenergia,dal.series,56882.7,kWh
2022-01-20T11:52:41.794Z,547236062,Päikeseenergia,dal.series,56882.81,kWh
2022-01-20T11:57:41.865Z,547236062,Päikeseenergia,dal.series,56882.95,kWh
2022-01-20T12:02:41.935Z,547236062,Päikeseenergia,dal.series,56883.07,kWh
2022-01-20T12:07:42.039Z,547236062,Päikeseenergia,dal.series,56883.15,kWh
2022-01-20T12:12:42.143Z,547236062,Päikeseenergia,dal.series,56883.2,kWh
2022-01-20T12:17:42.216Z,547236062,Päikeseenergia,dal.series,56883.26,kWh
2022-01-20T12:22:42.287Z,547236062,Päikeseenergia,dal.series,56883.3,kWh
2022-01-20T12:27:42.367Z,547236062,Päikeseenergia,dal.series,56883.35,kWh
2022-01-20T12:32:42.439Z,547236062,Päikeseenergia,dal.series,56883.38,kWh
2022-01-20T12:37:42.519Z,547236062,Päikeseenergia,dal.series,56883.4,kWh
2022-01-20T12:42:42.590Z,547236062,Päikeseenergia,dal.series,56883.42,kWh
2022-01-20T12:47:42.662Z,547236062,Päikeseenergia,dal.series,56883.45,kWh
2022-01-20T12:57:42.837Z,547236062,Päikeseenergia,dal.series,56883.48,kWh
2022-01-20T13:02:42.925Z,547236062,Päikeseenergia,dal.series,56883.51,kWh
2022-01-20T13:07:42.997Z,547236062,Päikeseenergia,dal.series,56883.52,kWh
2022-01-20T13:12:43.083Z,547236062,Päikeseenergia,dal.series,56883.54,kWh
2022-01-20T13:17:43.156Z,547236062,Päikeseenergia,dal.series,56883.57,kWh
2022-01-20T13:27:43.318Z,547236062,Päikeseenergia,dal.series,56883.6,kWh
2022-01-20T13:37:43.493Z,547236062,Päikeseenergia,dal.series,56883.62,kWh
2022-01-20T13:42:43.563Z,547236062,Päikeseenergia,dal.series,56883.63,kWh
2022-01-21T00:02:53.427Z,547236062,Päikeseenergia,dal.series,56883.64,kWh
2022-01-21T08:13:00.959Z,547236062,Päikeseenergia,dal.series,56883.66,kWh
2022-01-21T08:18:01.030Z,547236062,Päikeseenergia,dal.series,56883.67,kWh
2022-01-21T08:38:01.367Z,547236062,Päikeseenergia,dal.series,56883.68,kWh
2022-01-21T08:43:01.421Z,547236062,Päikeseenergia,dal.series,56883.69,kWh
2022-01-21T08:53:01.591Z,547236062,Päikeseenergia,dal.series,56883.7,kWh
2022-01-21T09:03:01.725Z,547236062,Päikeseenergia,dal.series,56883.71,kWh
2022-01-21T09:08:01.794Z,547236062,Päikeseenergia,dal.series,56883.72,kWh
2022-01-21T09:13:01.851Z,547236062,Päikeseenergia,dal.series,56883.73,kWh
2022-01-21T09:18:01.922Z,547236062,Päikeseenergia,dal.series,56883.74,kWh
2022-01-21T09:28:02.068Z,547236062,Päikeseenergia,dal.series,56883.76,kWh
2022-01-21T09:33:02.182Z,547236062,Päikeseenergia,dal.series,56883.77,kWh
2022-01-21T09:43:02.334Z,547236062,Päikeseenergia,dal.series,56883.79,kWh
2022-01-21T09:48:02.385Z,547236062,Päikeseenergia,dal.series,56883.8,kWh
2022-01-21T10:03:02.617Z,547236062,Päikeseenergia,dal.series,56883.82,kWh
2022-01-21T10:13:02.744Z,547236062,Päikeseenergia,dal.series,56883.83,kWh
2022-01-21T10:28:02.931Z,547236062,Päikeseenergia,dal.series,56883.85,kWh
2022-01-21T10:33:03.047Z,547236062,Päikeseenergia,dal.series,56883.86,kWh
2022-01-21T10:43:03.223Z,547236062,Päikeseenergia,dal.series,56883.87,kWh
2022-01-21T10:48:03.310Z,547236062,Päikeseenergia,dal.series,56883.89,kWh
2022-01-21T11:13:03.699Z,547236062,Päikeseenergia,dal.series,56883.91,kWh
2022-01-21T11:18:03.786Z,547236062,Päikeseenergia,dal.series,56883.92,kWh
2022-01-21T11:28:03.947Z,547236062,Päikeseenergia,dal.series,56883.94,kWh
2022-01-21T11:33:04.052Z,547236062,Päikeseenergia,dal.series,56883.95,kWh
2022-01-21T11:43:04.211Z,547236062,Päikeseenergia,dal.series,56883.97,kWh
2022-01-21T11:48:04.273Z,547236062,Päikeseenergia,dal.series,56883.98,kWh
2022-01-21T11:58:04.393Z,547236062,Päikeseenergia,dal.series,56884,kWh
2022-01-21T12:13:04.609Z,547236062,Päikeseenergia,dal.series,56884.01,kWh
2022-01-21T12:23:04.769Z,547236062,Päikeseenergia,dal.series,56884.02,kWh
2022-01-21T12:33:04.991Z,547236062,Päikeseenergia,dal.series,56884.03,kWh
2022-01-21T12:43:05.168Z,547236062,Päikeseenergia,dal.series,56884.04,kWh
2022-01-21T12:53:05.342Z,547236062,Päikeseenergia,dal.series,56884.05,kWh
2022-01-21T12:58:05.398Z,547236062,Päikeseenergia,dal.series,56884.06,kWh
2022-01-22T01:03:16.912Z,547236062,Päikeseenergia,dal.series,56884.07,kWh
2022-01-22T09:18:24.695Z,547236062,Päikeseenergia,dal.series,56884.09,kWh
2022-01-22T09:28:24.851Z,547236062,Päikeseenergia,dal.series,56884.1,kWh
2022-01-22T09:38:24.993Z,547236062,Päikeseenergia,dal.series,56884.11,kWh
2022-01-22T09:43:25.072Z,547236062,Päikeseenergia,dal.series,56884.12,kWh
2022-01-22T09:48:25.139Z,547236062,Päikeseenergia,dal.series,56884.13,kWh
2022-01-22T09:53:25.210Z,547236062,Päikeseenergia,dal.series,56884.14,kWh
2022-01-22T09:58:25.281Z,547236062,Päikeseenergia,dal.series,56884.15,kWh
2022-01-22T10:08:25.427Z,547236062,Päikeseenergia,dal.series,56884.16,kWh
2022-01-22T10:13:25.513Z,547236062,Päikeseenergia,dal.series,56884.17,kWh
2022-01-22T10:38:25.876Z,547236062,Päikeseenergia,dal.series,56884.18,kWh
2022-01-22T11:53:27.058Z,547236062,Päikeseenergia,dal.series,56884.19,kWh
2022-01-22T11:58:27.149Z,547236062,Päikeseenergia,dal.series,56884.2,kWh
2022-01-22T12:13:27.361Z,547236062,Päikeseenergia,dal.series,56884.21,kWh
2022-01-22T12:23:27.535Z,547236062,Päikeseenergia,dal.series,56884.22,kWh
2022-01-22T12:28:27.594Z,547236062,Päikeseenergia,dal.series,56884.23,kWh
2022-01-23T01:28:40.212Z,547236062,Päikeseenergia,dal.series,56884.24,kWh
2022-01-23T07:48:46.443Z,547236062,Päikeseenergia,dal.series,56884.25,kWh
2022-01-23T08:03:46.657Z,547236062,Päikeseenergia,dal.series,56884.26,kWh
2022-01-23T08:08:46.743Z,547236062,Päikeseenergia,dal.series,56884.28,kWh
2022-01-23T08:18:46.872Z,547236062,Päikeseenergia,dal.series,56884.31,kWh
2022-01-23T08:28:47.016Z,547236062,Päikeseenergia,dal.series,56884.33,kWh
2022-01-23T08:33:47.118Z,547236062,Päikeseenergia,dal.series,56884.34,kWh
2022-01-23T08:38:47.190Z,547236062,Päikeseenergia,dal.series,56884.37,kWh
2022-01-23T08:48:47.301Z,547236062,Päikeseenergia,dal.series,56884.4,kWh
2022-01-23T08:53:47.373Z,547236062,Päikeseenergia,dal.series,56884.42,kWh
2022-01-23T08:58:47.444Z,547236062,Päikeseenergia,dal.series,56884.43,kWh
2022-01-23T09:03:47.533Z,547236062,Päikeseenergia,dal.series,56884.45,kWh
2022-01-23T09:08:47.589Z,547236062,Päikeseenergia,dal.series,56884.46,kWh
2022-01-23T09:13:47.675Z,547236062,Päikeseenergia,dal.series,56884.48,kWh
2022-01-23T09:18:47.762Z,547236062,Päikeseenergia,dal.series,56884.49,kWh
2022-01-23T09:23:47.852Z,547236062,Päikeseenergia,dal.series,56884.5,kWh
2022-01-23T09:28:47.942Z,547236062,Päikeseenergia,dal.series,56884.51,kWh
2022-01-23T09:33:48.073Z,547236062,Päikeseenergia,dal.series,56884.53,kWh
2022-01-23T09:38:48.149Z,547236062,Päikeseenergia,dal.series,56884.54,kWh
2022-01-23T09:43:48.250Z,547236062,Päikeseenergia,dal.series,56884.55,kWh
2022-01-23T09:48:48.321Z,547236062,Päikeseenergia,dal.series,56884.57,kWh
2022-01-23T09:58:48.482Z,547236062,Päikeseenergia,dal.series,56884.59,kWh
2022-01-23T10:03:48.552Z,547236062,Päikeseenergia,dal.series,56884.6,kWh
2022-01-23T10:08:48.628Z,547236062,Päikeseenergia,dal.series,56884.62,kWh
2022-01-23T10:13:48.678Z,547236062,Päikeseenergia,dal.series,56884.64,kWh
2022-01-23T10:18:48.753Z,547236062,Päikeseenergia,dal.series,56884.66,kWh
2022-01-23T10:23:48.822Z,547236062,Päikeseenergia,dal.series,56884.67,kWh
2022-01-23T10:28:48.895Z,547236062,Päikeseenergia,dal.series,56884.69,kWh
2022-01-23T10:33:49.000Z,547236062,Päikeseenergia,dal.series,56884.7,kWh
2022-01-23T10:38:49.041Z,547236062,Päikeseenergia,dal.series,56884.72,kWh
2022-01-23T10:43:49.112Z,547236062,Päikeseenergia,dal.series,56884.73,kWh
2022-01-23T10:48:49.215Z,547236062,Päikeseenergia,dal.series,56884.75,kWh
2022-01-23T10:53:49.270Z,547236062,Päikeseenergia,dal.series,56884.76,kWh
2022-01-23T10:58:49.341Z,547236062,Päikeseenergia,dal.series,56884.78,kWh
2022-01-23T11:03:49.431Z,547236062,Päikeseenergia,dal.series,56884.79,kWh
2022-01-23T11:13:49.569Z,547236062,Päikeseenergia,dal.series,56884.82,kWh
2022-01-23T11:33:49.859Z,547236062,Päikeseenergia,dal.series,56884.85,kWh
2022-01-23T11:43:49.983Z,547236062,Päikeseenergia,dal.series,56884.86,kWh
2022-01-23T11:53:50.128Z,547236062,Päikeseenergia,dal.series,56884.88,kWh
2022-01-23T11:58:50.215Z,547236062,Päikeseenergia,dal.series,56884.89,kWh
2022-01-23T12:08:50.376Z,547236062,Päikeseenergia,dal.series,56884.91,kWh
2022-01-23T12:13:50.449Z,547236062,Päikeseenergia,dal.series,56884.92,kWh
2022-01-23T12:18:50.519Z,547236062,Päikeseenergia,dal.series,56884.94,kWh
2022-01-23T12:23:50.607Z,547236062,Päikeseenergia,dal.series,56884.95,kWh
2022-01-23T12:33:50.782Z,547236062,Päikeseenergia,dal.series,56884.96,kWh
2022-01-23T12:38:50.874Z,547236062,Päikeseenergia,dal.series,56884.97,kWh
2022-01-23T12:43:50.956Z,547236062,Päikeseenergia,dal.series,56884.98,kWh
2022-01-23T22:14:00.027Z,547236062,Päikeseenergia,dal.series,56884.99,kWh
2022-01-24T09:29:10.675Z,547236062,Päikeseenergia,dal.series,56885,kWh
2022-01-24T09:34:10.779Z,547236062,Päikeseenergia,dal.series,56885.01,kWh
2022-01-24T09:39:10.849Z,547236062,Päikeseenergia,dal.series,56885.02,kWh
2022-01-24T10:09:11.362Z,547236062,Päikeseenergia,dal.series,56885.04,kWh
2022-01-24T10:19:11.490Z,547236062,Päikeseenergia,dal.series,56885.05,kWh
2022-01-24T10:29:11.665Z,547236062,Päikeseenergia,dal.series,56885.06,kWh
2022-01-24T10:39:11.855Z,547236062,Päikeseenergia,dal.series,56885.07,kWh
2022-01-24T10:49:12.016Z,547236062,Päikeseenergia,dal.series,56885.08,kWh
2022-01-24T10:54:12.130Z,547236062,Päikeseenergia,dal.series,56885.09,kWh
2022-01-24T11:04:12.307Z,547236062,Päikeseenergia,dal.series,56885.1,kWh
2022-01-24T11:19:12.538Z,547236062,Päikeseenergia,dal.series,56885.12,kWh
2022-01-24T11:34:12.784Z,547236062,Päikeseenergia,dal.series,56885.13,kWh
2022-01-24T11:44:12.932Z,547236062,Päikeseenergia,dal.series,56885.14,kWh
2022-01-24T11:49:13.003Z,547236062,Päikeseenergia,dal.series,56885.15,kWh
2022-01-24T11:59:13.148Z,547236062,Päikeseenergia,dal.series,56885.16,kWh
2022-01-24T12:09:13.290Z,547236062,Päikeseenergia,dal.series,56885.17,kWh
2022-01-24T12:29:13.687Z,547236062,Päikeseenergia,dal.series,56885.18,kWh
2022-01-24T12:34:13.806Z,547236062,Päikeseenergia,dal.series,56885.19,kWh
2022-01-24T12:39:13.894Z,547236062,Päikeseenergia,dal.series,56885.2,kWh
2022-01-25T04:34:29.312Z,547236062,Päikeseenergia,dal.series,56885.21,kWh
2022-01-25T07:14:31.910Z,547236062,Päikeseenergia,dal.series,56885.22,kWh
2022-01-25T07:19:31.964Z,547236062,Päikeseenergia,dal.series,56885.24,kWh
2022-01-25T07:29:32.117Z,547236062,Päikeseenergia,dal.series,56885.26,kWh
2022-01-25T07:34:32.207Z,547236062,Päikeseenergia,dal.series,56885.27,kWh
2022-01-25T07:39:32.267Z,547236062,Päikeseenergia,dal.series,56885.3,kWh
2022-01-25T07:44:32.334Z,547236062,Päikeseenergia,dal.series,56885.33,kWh
2022-01-25T07:49:32.379Z,547236062,Päikeseenergia,dal.series,56885.36,kWh
2022-01-25T07:54:32.467Z,547236062,Päikeseenergia,dal.series,56885.42,kWh
2022-01-25T07:59:32.555Z,547236062,Päikeseenergia,dal.series,56885.47,kWh
2022-01-25T08:04:32.626Z,547236062,Päikeseenergia,dal.series,56885.51,kWh
2022-01-25T08:09:32.726Z,547236062,Päikeseenergia,dal.series,56885.57,kWh
2022-01-25T08:14:32.782Z,547236062,Päikeseenergia,dal.series,56885.62,kWh
2022-01-25T08:19:32.830Z,547236062,Päikeseenergia,dal.series,56885.68,kWh
2022-01-25T08:24:32.928Z,547236062,Päikeseenergia,dal.series,56885.72,kWh
2022-01-25T08:29:32.983Z,547236062,Päikeseenergia,dal.series,56885.78,kWh
2022-01-25T08:34:33.100Z,547236062,Päikeseenergia,dal.series,56885.84,kWh
2022-01-25T08:39:33.191Z,547236062,Päikeseenergia,dal.series,56885.87,kWh
2022-01-25T08:44:33.287Z,547236062,Päikeseenergia,dal.series,56885.93,kWh
2022-01-25T08:49:33.363Z,547236062,Päikeseenergia,dal.series,56885.99,kWh
2022-01-25T08:54:33.439Z,547236062,Päikeseenergia,dal.series,56886.06,kWh
2022-01-25T08:59:33.526Z,547236062,Päikeseenergia,dal.series,56886.14,kWh
2022-01-25T09:04:33.628Z,547236062,Päikeseenergia,dal.series,56886.23,kWh
2022-01-25T09:09:33.731Z,547236062,Päikeseenergia,dal.series,56886.31,kWh
2022-01-25T09:14:33.803Z,547236062,Päikeseenergia,dal.series,56886.38,kWh
2022-01-25T09:19:33.875Z,547236062,Päikeseenergia,dal.series,56886.44,kWh
2022-01-25T09:24:33.960Z,547236062,Päikeseenergia,dal.series,56886.52,kWh
2022-01-25T09:29:34.019Z,547236062,Päikeseenergia,dal.series,56886.59,kWh
2022-01-25T09:34:34.121Z,547236062,Päikeseenergia,dal.series,56886.68,kWh
2022-01-25T09:39:34.169Z,547236062,Päikeseenergia,dal.series,56886.82,kWh
2022-01-25T09:44:34.233Z,547236062,Päikeseenergia,dal.series,56886.95,kWh
2022-01-25T09:49:34.318Z,547236062,Päikeseenergia,dal.series,56887.07,kWh
2022-01-25T09:54:34.403Z,547236062,Päikeseenergia,dal.series,56887.19,kWh
2022-01-25T09:59:34.457Z,547236062,Päikeseenergia,dal.series,56887.33,kWh
2022-01-25T10:04:34.535Z,547236062,Päikeseenergia,dal.series,56887.45,kWh
2022-01-25T10:09:34.604Z,547236062,Päikeseenergia,dal.series,56887.58,kWh
2022-01-25T10:14:34.664Z,547236062,Päikeseenergia,dal.series,56887.7,kWh
2022-01-25T10:19:34.736Z,547236062,Päikeseenergia,dal.series,56887.85,kWh
2022-01-25T10:24:34.838Z,547236062,Päikeseenergia,dal.series,56887.98,kWh
2022-01-25T10:29:34.909Z,547236062,Päikeseenergia,dal.series,56888.13,kWh
2022-01-25T10:34:35.047Z,547236062,Päikeseenergia,dal.series,56888.27,kWh
2022-01-25T10:39:35.087Z,547236062,Päikeseenergia,dal.series,56888.42,kWh
2022-01-25T10:44:35.206Z,547236062,Päikeseenergia,dal.series,56888.54,kWh
2022-01-25T10:49:35.281Z,547236062,Päikeseenergia,dal.series,56888.62,kWh
2022-01-25T10:54:35.379Z,547236062,Päikeseenergia,dal.series,56888.7,kWh
2022-01-25T10:59:35.454Z,547236062,Päikeseenergia,dal.series,56888.86,kWh
2022-01-25T11:04:35.553Z,547236062,Päikeseenergia,dal.series,56889.05,kWh
2022-01-25T11:09:35.656Z,547236062,Päikeseenergia,dal.series,56889.26,kWh
2022-01-25T11:14:35.722Z,547236062,Päikeseenergia,dal.series,56889.44,kWh
2022-01-25T11:19:35.819Z,547236062,Päikeseenergia,dal.series,56889.63,kWh
2022-01-25T11:24:35.937Z,547236062,Päikeseenergia,dal.series,56889.8,kWh
2022-01-25T11:29:36.026Z,547236062,Päikeseenergia,dal.series,56889.97,kWh
2022-01-25T11:34:36.148Z,547236062,Päikeseenergia,dal.series,56890.11,kWh
2022-01-25T11:39:36.251Z,547236062,Päikeseenergia,dal.series,56890.28,kWh
2022-01-25T11:44:36.368Z,547236062,Päikeseenergia,dal.series,56890.44,kWh
2022-01-25T11:49:36.488Z,547236062,Päikeseenergia,dal.series,56890.56,kWh
2022-01-25T11:54:36.560Z,547236062,Päikeseenergia,dal.series,56890.67,kWh
2022-01-25T11:59:36.632Z,547236062,Päikeseenergia,dal.series,56890.75,kWh
2022-01-25T12:04:36.718Z,547236062,Päikeseenergia,dal.series,56890.88,kWh
2022-01-25T12:09:36.799Z,547236062,Päikeseenergia,dal.series,56891.12,kWh
2022-01-25T12:14:36.909Z,547236062,Päikeseenergia,dal.series,56891.34,kWh
2022-01-25T12:19:37.015Z,547236062,Päikeseenergia,dal.series,56891.51,kWh
2022-01-25T12:24:37.117Z,547236062,Päikeseenergia,dal.series,56891.66,kWh
2022-01-25T12:29:37.176Z,547236062,Päikeseenergia,dal.series,56891.79,kWh
2022-01-25T12:34:37.324Z,547236062,Päikeseenergia,dal.series,56891.92,kWh
2022-01-25T12:39:37.396Z,547236062,Päikeseenergia,dal.series,56892.02,kWh
2022-01-25T12:44:37.467Z,547236062,Päikeseenergia,dal.series,56892.08,kWh
2022-01-25T12:49:37.571Z,547236062,Päikeseenergia,dal.series,56892.14,kWh
2022-01-25T12:54:37.690Z,547236062,Päikeseenergia,dal.series,56892.2,kWh
2022-01-25T12:59:37.778Z,547236062,Päikeseenergia,dal.series,56892.26,kWh
2022-01-25T13:04:37.852Z,547236062,Päikeseenergia,dal.series,56892.33,kWh
2022-01-25T13:09:37.892Z,547236062,Päikeseenergia,dal.series,56892.4,kWh
2022-01-25T13:14:38.059Z,547236062,Päikeseenergia,dal.series,56892.47,kWh
2022-01-25T13:19:38.039Z,547236062,Päikeseenergia,dal.series,56892.53,kWh
2022-01-25T13:24:38.154Z,547236062,Päikeseenergia,dal.series,56892.6,kWh
2022-01-25T13:29:38.211Z,547236062,Päikeseenergia,dal.series,56892.68,kWh
2022-01-25T13:34:38.375Z,547236062,Päikeseenergia,dal.series,56892.74,kWh
2022-01-25T13:39:38.466Z,547236062,Päikeseenergia,dal.series,56892.79,kWh
2022-01-25T13:44:38.584Z,547236062,Päikeseenergia,dal.series,56892.84,kWh
2022-01-25T13:49:38.650Z,547236062,Päikeseenergia,dal.series,56892.89,kWh
2022-01-25T13:54:38.742Z,547236062,Päikeseenergia,dal.series,56892.93,kWh
2022-01-25T13:59:38.829Z,547236062,Päikeseenergia,dal.series,56892.95,kWh
2022-01-25T14:04:38.889Z,547236062,Päikeseenergia,dal.series,56892.96,kWh
2022-01-25T14:09:38.989Z,547236062,Päikeseenergia,dal.series,56892.98,kWh
2022-01-25T14:19:39.201Z,547236062,Päikeseenergia,dal.series,56892.99,kWh
2022-01-26T06:44:54.978Z,547236062,Päikeseenergia,dal.series,56893,kWh
2022-01-26T06:49:55.037Z,547236062,Päikeseenergia,dal.series,56893.02,kWh
2022-01-26T06:54:55.108Z,547236062,Päikeseenergia,dal.series,56893.03,kWh
2022-01-26T06:59:55.164Z,547236062,Päikeseenergia,dal.series,56893.05,kWh
2022-01-26T07:04:55.266Z,547236062,Päikeseenergia,dal.series,56893.08,kWh
2022-01-26T07:09:55.341Z,547236062,Päikeseenergia,dal.series,56893.14,kWh
2022-01-26T07:14:55.397Z,547236062,Päikeseenergia,dal.series,56893.17,kWh
2022-01-26T07:19:55.465Z,547236062,Päikeseenergia,dal.series,56893.2,kWh
2022-01-26T07:24:55.540Z,547236062,Päikeseenergia,dal.series,56893.24,kWh
2022-01-26T07:29:55.628Z,547236062,Päikeseenergia,dal.series,56893.29,kWh
2022-01-26T07:34:55.738Z,547236062,Päikeseenergia,dal.series,56893.35,kWh
2022-01-26T07:39:55.870Z,547236062,Päikeseenergia,dal.series,56893.41,kWh
2022-01-26T07:44:55.946Z,547236062,Päikeseenergia,dal.series,56893.48,kWh
2022-01-26T07:49:56.038Z,547236062,Päikeseenergia,dal.series,56893.54,kWh
2022-01-26T07:54:56.110Z,547236062,Päikeseenergia,dal.series,56893.6,kWh
2022-01-26T07:59:56.202Z,547236062,Päikeseenergia,dal.series,56893.68,kWh
2022-01-26T08:04:56.275Z,547236062,Päikeseenergia,dal.series,56893.75,kWh
2022-01-26T08:09:56.372Z,547236062,Päikeseenergia,dal.series,56893.81,kWh
2022-01-26T08:14:56.417Z,547236062,Päikeseenergia,dal.series,56893.87,kWh
2022-01-26T08:19:56.490Z,547236062,Päikeseenergia,dal.series,56893.94,kWh
2022-01-26T08:24:56.561Z,547236062,Päikeseenergia,dal.series,56894.01,kWh
2022-01-26T08:29:56.632Z,547236062,Päikeseenergia,dal.series,56894.07,kWh
2022-01-26T08:34:56.753Z,547236062,Päikeseenergia,dal.series,56894.14,kWh
2022-01-26T08:39:56.836Z,547236062,Päikeseenergia,dal.series,56894.2,kWh
2022-01-26T08:44:56.922Z,547236062,Päikeseenergia,dal.series,56894.26,kWh
2022-01-26T08:49:57.011Z,547236062,Päikeseenergia,dal.series,56894.32,kWh
2022-01-26T08:54:57.099Z,547236062,Päikeseenergia,dal.series,56894.41,kWh
2022-01-26T08:59:57.188Z,547236062,Päikeseenergia,dal.series,56894.5,kWh
2022-01-26T09:04:57.274Z,547236062,Päikeseenergia,dal.series,56894.62,kWh
2022-01-26T09:09:57.349Z,547236062,Päikeseenergia,dal.series,56894.77,kWh
2022-01-26T09:14:57.437Z,547236062,Päikeseenergia,dal.series,56894.92,kWh
2022-01-26T09:19:57.522Z,547236062,Päikeseenergia,dal.series,56895.07,kWh
2022-01-26T09:24:57.599Z,547236062,Päikeseenergia,dal.series,56895.22,kWh
2022-01-26T09:29:57.684Z,547236062,Päikeseenergia,dal.series,56895.38,kWh
2022-01-26T09:34:57.773Z,547236062,Päikeseenergia,dal.series,56895.55,kWh
2022-01-26T09:39:57.859Z,547236062,Päikeseenergia,dal.series,56895.73,kWh
2022-01-26T09:44:57.963Z,547236062,Päikeseenergia,dal.series,56895.91,kWh
2022-01-26T09:49:58.063Z,547236062,Päikeseenergia,dal.series,56896.1,kWh
2022-01-26T09:54:58.159Z,547236062,Päikeseenergia,dal.series,56896.27,kWh
2022-01-26T09:59:58.251Z,547236062,Päikeseenergia,dal.series,56896.45,kWh
2022-01-26T10:04:58.331Z,547236062,Päikeseenergia,dal.series,56896.63,kWh
2022-01-26T10:09:58.416Z,547236062,Päikeseenergia,dal.series,56896.79,kWh
2022-01-26T10:14:58.490Z,547236062,Päikeseenergia,dal.series,56896.94,kWh
2022-01-26T10:19:58.591Z,547236062,Päikeseenergia,dal.series,56897.12,kWh
2022-01-26T10:24:58.677Z,547236062,Päikeseenergia,dal.series,56897.33,kWh
2022-01-26T10:29:58.785Z,547236062,Päikeseenergia,dal.series,56897.57,kWh
2022-01-26T10:34:58.934Z,547236062,Päikeseenergia,dal.series,56897.81,kWh
2022-01-26T10:39:59.073Z,547236062,Päikeseenergia,dal.series,56898.02,kWh
2022-01-26T10:44:59.189Z,547236062,Päikeseenergia,dal.series,56898.2,kWh
2022-01-26T10:49:59.264Z,547236062,Päikeseenergia,dal.series,56898.35,kWh
2022-01-26T10:54:59.366Z,547236062,Päikeseenergia,dal.series,56898.5,kWh
2022-01-26T10:59:59.484Z,547236062,Päikeseenergia,dal.series,56898.64,kWh
2022-01-26T11:04:59.558Z,547236062,Päikeseenergia,dal.series,56898.77,kWh
2022-01-26T11:09:59.656Z,547236062,Päikeseenergia,dal.series,56898.89,kWh
2022-01-26T11:14:59.797Z,547236062,Päikeseenergia,dal.series,56899.01,kWh
2022-01-26T11:19:59.869Z,547236062,Päikeseenergia,dal.series,56899.13,kWh
2022-01-26T11:24:59.953Z,547236062,Päikeseenergia,dal.series,56899.25,kWh
2022-01-26T11:30:00.040Z,547236062,Päikeseenergia,dal.series,56899.37,kWh
2022-01-26T11:35:00.161Z,547236062,Päikeseenergia,dal.series,56899.49,kWh
2022-01-26T11:40:00.266Z,547236062,Päikeseenergia,dal.series,56899.6,kWh
2022-01-26T11:45:00.334Z,547236062,Päikeseenergia,dal.series,56899.7,kWh
2022-01-26T11:50:00.411Z,547236062,Päikeseenergia,dal.series,56899.79,kWh
2022-01-26T11:55:00.478Z,547236062,Päikeseenergia,dal.series,56899.88,kWh
2022-01-26T12:00:00.567Z,547236062,Päikeseenergia,dal.series,56899.97,kWh
2022-01-26T12:05:00.660Z,547236062,Päikeseenergia,dal.series,56900.03,kWh
2022-01-26T12:10:00.712Z,547236062,Päikeseenergia,dal.series,56900.09,kWh
2022-01-26T12:15:00.786Z,547236062,Päikeseenergia,dal.series,56900.15,kWh
2022-01-26T12:20:00.900Z,547236062,Päikeseenergia,dal.series,56900.19,kWh
2022-01-26T12:25:00.976Z,547236062,Päikeseenergia,dal.series,56900.24,kWh
2022-01-26T12:30:01.047Z,547236062,Päikeseenergia,dal.series,56900.3,kWh
2022-01-26T12:35:01.179Z,547236062,Päikeseenergia,dal.series,56900.36,kWh
2022-01-26T12:40:01.240Z,547236062,Päikeseenergia,dal.series,56900.41,kWh
2022-01-26T12:45:01.310Z,547236062,Päikeseenergia,dal.series,56900.46,kWh
2022-01-26T12:50:01.427Z,547236062,Päikeseenergia,dal.series,56900.51,kWh
2022-01-26T12:55:01.483Z,547236062,Päikeseenergia,dal.series,56900.54,kWh
2022-01-26T13:00:01.553Z,547236062,Päikeseenergia,dal.series,56900.57,kWh
2022-01-26T13:05:01.646Z,547236062,Päikeseenergia,dal.series,56900.6,kWh
2022-01-26T13:10:01.714Z,547236062,Päikeseenergia,dal.series,56900.63,kWh
2022-01-26T13:15:01.789Z,547236062,Päikeseenergia,dal.series,56900.66,kWh
2022-01-26T13:20:01.857Z,547236062,Päikeseenergia,dal.series,56900.69,kWh
2022-01-26T13:25:01.929Z,547236062,Päikeseenergia,dal.series,56900.72,kWh
2022-01-26T13:30:02.028Z,547236062,Päikeseenergia,dal.series,56900.75,kWh
2022-01-26T13:35:02.125Z,547236062,Päikeseenergia,dal.series,56900.76,kWh
2022-01-26T13:40:02.219Z,547236062,Päikeseenergia,dal.series,56900.79,kWh
2022-01-26T13:45:02.300Z,547236062,Päikeseenergia,dal.series,56900.8,kWh
2022-01-26T13:50:02.371Z,547236062,Päikeseenergia,dal.series,56900.82,kWh
2022-01-26T13:55:02.459Z,547236062,Päikeseenergia,dal.series,56900.84,kWh
2022-01-26T14:00:02.558Z,547236062,Päikeseenergia,dal.series,56900.85,kWh
2022-01-26T14:05:02.648Z,547236062,Päikeseenergia,dal.series,56900.86,kWh
2022-01-26T14:10:02.719Z,547236062,Päikeseenergia,dal.series,56900.87,kWh
2022-01-26T14:15:02.789Z,547236062,Päikeseenergia,dal.series,56900.88,kWh
2022-01-27T07:55:19.944Z,547236062,Päikeseenergia,dal.series,56900.89,kWh
2022-01-27T08:05:20.084Z,547236062,Päikeseenergia,dal.series,56900.9,kWh
2022-01-27T08:10:20.222Z,547236062,Päikeseenergia,dal.series,56900.91,kWh
2022-01-27T08:20:20.347Z,547236062,Päikeseenergia,dal.series,56900.92,kWh
2022-01-27T08:30:20.523Z,547236062,Päikeseenergia,dal.series,56900.93,kWh
2022-01-27T08:40:20.747Z,547236062,Päikeseenergia,dal.series,56900.94,kWh
2022-01-27T08:45:20.833Z,547236062,Päikeseenergia,dal.series,56900.95,kWh
2022-01-27T08:55:20.974Z,547236062,Päikeseenergia,dal.series,56900.96,kWh
2022-01-27T09:00:21.080Z,547236062,Päikeseenergia,dal.series,56900.98,kWh
2022-01-27T09:05:21.167Z,547236062,Päikeseenergia,dal.series,56900.99,kWh
2022-01-27T09:10:21.255Z,547236062,Päikeseenergia,dal.series,56901.01,kWh
2022-01-27T09:15:21.343Z,547236062,Päikeseenergia,dal.series,56901.02,kWh
2022-01-27T09:20:21.432Z,547236062,Päikeseenergia,dal.series,56901.04,kWh
2022-01-27T09:25:21.503Z,547236062,Päikeseenergia,dal.series,56901.07,kWh
2022-01-27T09:35:21.677Z,547236062,Päikeseenergia,dal.series,56901.1,kWh
2022-01-27T09:40:21.751Z,547236062,Päikeseenergia,dal.series,56901.13,kWh
2022-01-27T09:45:21.837Z,547236062,Päikeseenergia,dal.series,56901.16,kWh
2022-01-27T09:50:21.908Z,547236062,Päikeseenergia,dal.series,56901.17,kWh
2022-01-27T09:55:21.965Z,547236062,Päikeseenergia,dal.series,56901.19,kWh
2022-01-27T10:00:22.019Z,547236062,Päikeseenergia,dal.series,56901.22,kWh
2022-01-27T10:05:22.123Z,547236062,Päikeseenergia,dal.series,56901.25,kWh
2022-01-27T10:10:22.229Z,547236062,Päikeseenergia,dal.series,56901.28,kWh
2022-01-27T10:15:22.317Z,547236062,Päikeseenergia,dal.series,56901.31,kWh
2022-01-27T10:20:22.389Z,547236062,Päikeseenergia,dal.series,56901.33,kWh
2022-01-27T10:25:22.478Z,547236062,Päikeseenergia,dal.series,56901.34,kWh
2022-01-27T10:30:22.565Z,547236062,Päikeseenergia,dal.series,56901.37,kWh
2022-01-27T10:35:22.697Z,547236062,Päikeseenergia,dal.series,56901.42,kWh
2022-01-27T10:40:22.802Z,547236062,Päikeseenergia,dal.series,56901.46,kWh
2022-01-27T10:45:22.905Z,547236062,Päikeseenergia,dal.series,56901.49,kWh
2022-01-27T10:50:22.993Z,547236062,Päikeseenergia,dal.series,56901.52,kWh
2022-01-27T10:55:23.081Z,547236062,Päikeseenergia,dal.series,56901.58,kWh
2022-01-27T11:00:23.154Z,547236062,Päikeseenergia,dal.series,56901.63,kWh
2022-01-27T11:05:23.257Z,547236062,Päikeseenergia,dal.series,56901.67,kWh
2022-01-27T11:10:23.327Z,547236062,Päikeseenergia,dal.series,56901.74,kWh
2022-01-27T11:15:23.414Z,547236062,Päikeseenergia,dal.series,56901.82,kWh
2022-01-27T11:20:23.472Z,547236062,Päikeseenergia,dal.series,56901.92,kWh
2022-01-27T11:25:23.529Z,547236062,Päikeseenergia,dal.series,56902,kWh
2022-01-27T11:30:23.614Z,547236062,Päikeseenergia,dal.series,56902.09,kWh
2022-01-27T11:35:23.733Z,547236062,Päikeseenergia,dal.series,56902.17,kWh
2022-01-27T11:40:23.804Z,547236062,Päikeseenergia,dal.series,56902.23,kWh
2022-01-27T11:45:23.864Z,547236062,Päikeseenergia,dal.series,56902.27,kWh
2022-01-27T11:50:23.951Z,547236062,Päikeseenergia,dal.series,56902.33,kWh
2022-01-27T11:55:24.052Z,547236062,Päikeseenergia,dal.series,56902.38,kWh
2022-01-27T12:00:24.140Z,547236062,Päikeseenergia,dal.series,56902.45,kWh
2022-01-27T12:05:24.227Z,547236062,Päikeseenergia,dal.series,56902.51,kWh
2022-01-27T12:10:24.315Z,547236062,Päikeseenergia,dal.series,56902.55,kWh
2022-01-27T12:15:24.370Z,547236062,Päikeseenergia,dal.series,56902.59,kWh
2022-01-27T12:20:24.490Z,547236062,Päikeseenergia,dal.series,56902.62,kWh
2022-01-27T12:25:24.570Z,547236062,Päikeseenergia,dal.series,56902.64,kWh
2022-01-27T12:30:24.665Z,547236062,Päikeseenergia,dal.series,56902.67,kWh
2022-01-27T12:35:24.756Z,547236062,Päikeseenergia,dal.series,56902.69,kWh
2022-01-27T12:40:24.874Z,547236062,Päikeseenergia,dal.series,56902.72,kWh
2022-01-27T12:45:24.962Z,547236062,Päikeseenergia,dal.series,56902.74,kWh
2022-01-27T12:50:25.037Z,547236062,Päikeseenergia,dal.series,56902.76,kWh
2022-01-27T12:55:25.137Z,547236062,Päikeseenergia,dal.series,56902.79,kWh
2022-01-27T13:00:25.225Z,547236062,Päikeseenergia,dal.series,56902.82,kWh
2022-01-27T13:05:25.296Z,547236062,Päikeseenergia,dal.series,56902.84,kWh
2022-01-27T13:10:25.415Z,547236062,Päikeseenergia,dal.series,56902.85,kWh
2022-01-27T13:15:25.505Z,547236062,Päikeseenergia,dal.series,56902.87,kWh
2022-01-27T13:20:25.591Z,547236062,Päikeseenergia,dal.series,56902.89,kWh
2022-01-27T13:25:25.679Z,547236062,Päikeseenergia,dal.series,56902.91,kWh
2022-01-27T13:30:25.782Z,547236062,Päikeseenergia,dal.series,56902.94,kWh
2022-01-27T13:35:25.887Z,547236062,Päikeseenergia,dal.series,56902.97,kWh
2022-01-27T13:40:25.958Z,547236062,Päikeseenergia,dal.series,56903,kWh
2022-01-27T13:45:26.051Z,547236062,Päikeseenergia,dal.series,56903.01,kWh
2022-01-27T13:50:26.153Z,547236062,Päikeseenergia,dal.series,56903.03,kWh
2022-01-27T14:00:26.329Z,547236062,Päikeseenergia,dal.series,56903.04,kWh
2022-01-27T19:50:31.920Z,547236062,Päikeseenergia,dal.series,56903.05,kWh
2022-01-28T08:40:43.787Z,547236062,Päikeseenergia,dal.series,56903.06,kWh
2022-01-28T10:30:45.527Z,547236062,Päikeseenergia,dal.series,56903.07,kWh
2022-01-28T13:35:48.385Z,547236062,Päikeseenergia,dal.series,56903.08,kWh
2022-01-29T08:11:06.204Z,547236062,Päikeseenergia,dal.series,56903.1,kWh
2022-01-29T08:16:06.289Z,547236062,Päikeseenergia,dal.series,56903.11,kWh
2022-01-29T08:31:06.521Z,547236062,Päikeseenergia,dal.series,56903.13,kWh
2022-01-29T08:36:06.661Z,547236062,Päikeseenergia,dal.series,56903.14,kWh
2022-01-29T08:46:06.793Z,547236062,Päikeseenergia,dal.series,56903.16,kWh
2022-01-29T08:51:06.886Z,547236062,Päikeseenergia,dal.series,56903.17,kWh
2022-01-29T08:56:06.990Z,547236062,Päikeseenergia,dal.series,56903.19,kWh
2022-01-29T09:11:07.237Z,547236062,Päikeseenergia,dal.series,56903.21,kWh
2022-01-29T09:21:07.367Z,547236062,Päikeseenergia,dal.series,56903.22,kWh
2022-01-29T09:26:07.474Z,547236062,Päikeseenergia,dal.series,56903.23,kWh
2022-01-29T09:31:07.504Z,547236062,Päikeseenergia,dal.series,56903.25,kWh
2022-01-29T09:36:07.629Z,547236062,Päikeseenergia,dal.series,56903.26,kWh
2022-01-29T09:41:07.702Z,547236062,Päikeseenergia,dal.series,56903.28,kWh
2022-01-29T09:46:07.774Z,547236062,Päikeseenergia,dal.series,56903.29,kWh
2022-01-29T09:51:07.843Z,547236062,Päikeseenergia,dal.series,56903.31,kWh
2022-01-29T09:56:07.913Z,547236062,Päikeseenergia,dal.series,56903.32,kWh
2022-01-29T10:06:08.042Z,547236062,Päikeseenergia,dal.series,56903.35,kWh
2022-01-29T10:16:08.200Z,547236062,Päikeseenergia,dal.series,56903.37,kWh
2022-01-29T10:21:08.257Z,547236062,Päikeseenergia,dal.series,56903.38,kWh
2022-01-29T10:26:08.333Z,547236062,Päikeseenergia,dal.series,56903.39,kWh
2022-01-29T10:31:08.386Z,547236062,Päikeseenergia,dal.series,56903.4,kWh
2022-01-29T10:36:08.522Z,547236062,Päikeseenergia,dal.series,56903.41,kWh
2022-01-29T10:41:08.624Z,547236062,Päikeseenergia,dal.series,56903.43,kWh
2022-01-29T10:46:08.694Z,547236062,Päikeseenergia,dal.series,56903.44,kWh
2022-01-29T10:51:08.782Z,547236062,Päikeseenergia,dal.series,56903.45,kWh
2022-01-29T10:56:08.871Z,547236062,Päikeseenergia,dal.series,56903.46,kWh
2022-01-29T11:01:08.959Z,547236062,Päikeseenergia,dal.series,56903.48,kWh
2022-01-29T11:06:09.061Z,547236062,Päikeseenergia,dal.series,56903.49,kWh
2022-01-29T11:11:09.151Z,547236062,Päikeseenergia,dal.series,56903.5,kWh
2022-01-29T11:16:09.230Z,547236062,Päikeseenergia,dal.series,56903.52,kWh
2022-01-29T11:21:09.295Z,547236062,Päikeseenergia,dal.series,56903.53,kWh
2022-01-29T11:26:09.381Z,547236062,Päikeseenergia,dal.series,56903.54,kWh
2022-01-29T11:31:09.467Z,547236062,Päikeseenergia,dal.series,56903.55,kWh
2022-01-29T11:36:09.574Z,547236062,Päikeseenergia,dal.series,56903.56,kWh
2022-01-29T11:46:09.701Z,547236062,Päikeseenergia,dal.series,56903.59,kWh
2022-01-29T12:01:09.948Z,547236062,Päikeseenergia,dal.series,56903.6,kWh
2022-01-29T12:06:10.035Z,547236062,Päikeseenergia,dal.series,56903.62,kWh
2022-01-29T12:21:10.291Z,547236062,Päikeseenergia,dal.series,56903.63,kWh
2022-01-29T12:26:10.338Z,547236062,Päikeseenergia,dal.series,56903.64,kWh
2022-01-29T12:41:10.631Z,547236062,Päikeseenergia,dal.series,56903.66,kWh
2022-01-29T12:51:10.741Z,547236062,Päikeseenergia,dal.series,56903.67,kWh
2022-01-30T05:01:26.310Z,547236062,Päikeseenergia,dal.series,56903.68,kWh
2022-01-30T09:21:30.292Z,547236062,Päikeseenergia,dal.series,56903.69,kWh
2022-01-30T09:31:30.454Z,547236062,Päikeseenergia,dal.series,56903.7,kWh
2022-01-30T09:36:30.552Z,547236062,Päikeseenergia,dal.series,56903.71,kWh
2022-01-30T09:51:30.831Z,547236062,Päikeseenergia,dal.series,56903.72,kWh
2022-01-30T09:56:30.888Z,547236062,Päikeseenergia,dal.series,56903.73,kWh
2022-01-30T10:06:31.088Z,547236062,Päikeseenergia,dal.series,56903.74,kWh
2022-01-30T10:16:31.224Z,547236062,Päikeseenergia,dal.series,56903.75,kWh
2022-01-30T10:21:31.294Z,547236062,Päikeseenergia,dal.series,56903.76,kWh
2022-01-30T10:31:31.468Z,547236062,Päikeseenergia,dal.series,56903.77,kWh
2022-01-30T10:41:31.596Z,547236062,Päikeseenergia,dal.series,56903.79,kWh
2022-01-30T10:51:31.740Z,547236062,Päikeseenergia,dal.series,56903.8,kWh
2022-01-30T11:01:31.897Z,547236062,Päikeseenergia,dal.series,56903.82,kWh
2022-01-30T11:11:32.041Z,547236062,Päikeseenergia,dal.series,56903.83,kWh
2022-01-30T11:31:32.312Z,547236062,Päikeseenergia,dal.series,56903.85,kWh
2022-01-30T11:41:32.503Z,547236062,Päikeseenergia,dal.series,56903.86,kWh
2022-01-30T11:56:32.766Z,547236062,Päikeseenergia,dal.series,56903.87,kWh
2022-01-30T12:01:32.870Z,547236062,Päikeseenergia,dal.series,56903.88,kWh
2022-01-30T12:11:33.035Z,547236062,Päikeseenergia,dal.series,56903.89,kWh